repository	file	bytes	sha256	status	role	evidence	next_step
sculptura	.gitignore	302	2ff249b493d0cf4e42ae44c09c4d0273a5c9f7e5adeaf6b5dc5e2843d919a592	exists	build/configuration/source asset	legacy base44 access	retain with dependency and security review
sculptura	README.md	1059	3712727e52379d19f011b042635bac05772ed60b0c3847eeb9d4781da4f125a1	reference	legacy source documentation	legacy base44 access	verify against implementation; do not treat as deployed behavior
sculptura	base44/config.jsonc	190	df470f4fefebbb951c88d79aca8c0bf7011c9bb19431e2abfcd012fd87abb97b	exists	build/configuration/source asset	source/configuration inspected	retain with dependency and security review
sculptura	base44/entities/Artifact.jsonc	2680	47e554dd658064cdd9d4daca9febe062a76cb6b7fbc48e34a50791b7850ec55d	move	legacy commerce entity	commerce-related code	map fields to studio project or move commerce to the platform backend
sculptura	base44/entities/CreatorProfile.jsonc	1237	4225c58403c857f4d67e165bada942c1c952ced7000592417292511e37fcde42	move	legacy commerce entity	commerce-related code	map fields to studio project or move commerce to the platform backend
sculptura	base44/entities/MarketAccount.jsonc	4702	facd1b2de202bc0667f13e3cbb361e02fb9a70f49cddb6b0bc1e84c86a171fc6	move	legacy commerce entity	commerce-related code	map fields to studio project or move commerce to the platform backend
sculptura	base44/entities/Order.jsonc	1949	9c51c0b5a77dcc9230bfebb4f894cf81eaf5e67da05ec192bec4e26d0f19ee63	move	legacy commerce entity	commerce-related code	map fields to studio project or move commerce to the platform backend
sculptura	base44/entities/User.jsonc	251	4de38108e89f3bb0c1c7411eabdd47f8899238f1580428a167de47b10c5b3a31	move	legacy commerce entity	source/configuration inspected	map fields to studio project or move commerce to the platform backend
sculptura	components.json	444	73e1334afce0f20f01500532e3b63a7cc36238d8a05addef40c476fadf9dc349	exists	build/configuration/source asset	source/configuration inspected	retain with dependency and security review
sculptura	eslint.config.js	1578	b0ac68c36cb81cba5bbdd537620b03762164ba276e338fdba73981318f011e60	exists	build/configuration/source asset	functions/exports	retain with dependency and security review
sculptura	index.html	617	8c657a68a83434b6511666c4f0de173cef889fdcadc5adbf851e55cbe5cf219c	exists	build/configuration/source asset	browser storage, legacy base44 access	retain with dependency and security review
sculptura	jsconfig.json	583	e73e9adf0fcd9194c496670efb5251825685314475c9548c3ec4d74056ccc75b	exists	build/configuration/source asset	source/configuration inspected	retain with dependency and security review
sculptura	package-lock.json	365881	fbd79855f3e8c9fa607add7b3dd3e58d9222cfcfebc112bf71caf92e170479fd	exists	dependency lock	legacy base44 access, geometry/rendering	pin and verify dependency/build compatibility
sculptura	package.json	3235	7369cab8f5438c7aa7bae6275fbc22f7dd0b8a55b6856c30607020f7adfa27e9	exists	build/configuration/source asset	legacy base44 access, geometry/rendering	retain with dependency and security review
sculptura	postcss.config.js	80	190c877db466995bf1482f4a16abd06e04a89ede3119341e2a86ff96e1737b27	exists	build/configuration/source asset	functions/exports	retain with dependency and security review
sculptura	src/App.jsx	4397	142627e4f31b702c82aaf373d4c5bbbf4943b0402d7ccc55969466eb42a3c9e1	partial	route composition	commerce-related code, functions/exports	verify auth gates and each routed domain against the target split
sculptura	src/api/auth.js	1252	c67e71433aa65b3ce51ccbf869e24ed5cd96476912e08e4cba27d7a9d4dc87d6	partial	studio API facade	supabase access, legacy base44 access, functions/exports	separate studio auth/data from legacy marketplace dependencies
sculptura	src/api/base44Client.js	337	35647ef13677f2b23399843531e82cb49521bcd6cd09f00e23888b0d7973cf2e	partial	studio API facade	supabase access, legacy base44 access, functions/exports	separate studio auth/data from legacy marketplace dependencies
sculptura	src/api/db.js	4658	4403255a49bc47d0886ee3260570c78ed1fd133dc9921e6e4407f867c4776f95	partial	studio API facade	supabase access, legacy base44 access, commerce-related code, functions/exports	separate studio auth/data from legacy marketplace dependencies
sculptura	src/api/storage.js	718	c8506fc780d7bc20bc73500f6cd15ff4be5aa4741e38a48d116f3999abb37968	partial	studio API facade	supabase access, legacy base44 access, functions/exports	separate studio auth/data from legacy marketplace dependencies
sculptura	src/components/ProtectedRoute.jsx	1069	f1121449bc7f8f31b2ed2d4a6e0211c8d300319efd58919efdd313dc7b586068	partial	client authentication/session helper	functions/exports	verify server-enforced role and cross-tenant access
sculptura	src/components/UserNotRegisteredError.jsx	1592	5cecb11fe2fb3a03a73e5845b5ee9d26c9255e80feda689b3dfc70822ba288f1	shell	shared visual component	functions/exports	keep only after domain data and behavior are checked
sculptura	src/components/artifacts/ArtifactCard.jsx	3002	4331efd62219e453d50c9b059e2918c73311511504554da21414903031bf1f9b	move	offering/marketplace code inside studio	functions/exports	move useful behavior to platform, then remove studio commerce dependency
sculptura	src/components/artifacts/ArtifactGrid.jsx	418	09c6e2b5acc33e3e73a8d5c663c162debd2026eb42a936c9a87b2c37c4e813c6	move	offering/marketplace code inside studio	functions/exports	move useful behavior to platform, then remove studio commerce dependency
sculptura	src/components/artifacts/MaterialTag.jsx	969	fb5e0c5e1e879700cbc00eeceea2d0e3818aa9a7b634cfaef1514e5567dbabe7	move	offering/marketplace code inside studio	functions/exports	move useful behavior to platform, then remove studio commerce dependency
sculptura	src/components/artifacts/OrderModal.jsx	6962	7f7e0bb4bea7195ef22e73bb4eaa686b2a25b0b4b85c7b2449e2160b56ed22a5	move	offering/marketplace code inside studio	legacy base44 access, form/ui, commerce-related code, functions/exports	move useful behavior to platform, then remove studio commerce dependency
sculptura	src/components/canvas/CodePanel.jsx	8949	9c16669825985449e9ca62e04c25cd72e3d5ee0491ea7001cee99ad6d46ad581	partial	studio editing or geometry	geometry/rendering, functions/exports	retain intent/controls; converge preview and exports on server-validated paracraft
sculptura	src/components/canvas/JewelryControls.jsx	20187	b2d0c3d8c0a49168dab71268e9369aec1b1d81665f6b03860326b29624a30019	partial	studio editing or geometry	form/ui, functions/exports	retain intent/controls; converge preview and exports on server-validated paracraft
sculptura	src/components/canvas/JewelryViewport.jsx	42185	09cdb59d781a04ca32292d8860812ef6f14bfe4b27c3294f4d58da5e8c3fa107	partial	studio editing or geometry	form/ui, geometry/rendering, functions/exports	retain intent/controls; converge preview and exports on server-validated paracraft
sculptura	src/components/canvas/PrintPanel.jsx	11595	4c68d5a5c6c2ff14a9efcfbd853757ecae0935cf7f5f20c7c3906f672d3634f7	rebuild	studio print control	legacy base44 access, geometry/rendering, commerce-related code, functions/exports	remove direct factory/order path; keep manufacturing behind released platform orders
sculptura	src/components/canvas/RingControls.jsx	7889	de1051dee77b78ee471bba3708c2f659d25e460925b86e8aa61f2d4ac130b64f	partial	studio editing or geometry	form/ui, geometry/rendering, functions/exports	retain intent/controls; converge preview and exports on server-validated paracraft
sculptura	src/components/canvas/RingViewport.jsx	11483	d6feb933938de1094708300fd536045008ec581275ed09f91e6a4cf6be87cc91	partial	studio editing or geometry	geometry/rendering, functions/exports	retain intent/controls; converge preview and exports on server-validated paracraft
sculptura	src/components/canvas/TemplatesPanel.jsx	4581	8f3be72e6d4d15d2fae3c7d2a22554ddb0527274da6e7883a8e7f18c76f19327	partial	studio editing or geometry	form/ui, functions/exports	retain intent/controls; converge preview and exports on server-validated paracraft
sculptura	src/components/cart/CartDrawer.jsx	7968	4b564bccc7ab2441dc1a207eb1a5943eb5d6657f865282d11d0df18ad0054378	move	offering/marketplace code inside studio	commerce-related code, functions/exports	move useful behavior to platform, then remove studio commerce dependency
sculptura	src/components/creator/CreatorSidebar.jsx	5636	f2a4f7d4ccc8bd4345024563e5ce42dfb760172b799ecc01fc7851d8a4f6ae95	move	offering/marketplace code inside studio	commerce-related code, functions/exports	move useful behavior to platform, then remove studio commerce dependency
sculptura	src/components/dashboard/InsightCard.jsx	858	911c8190952e2fa3be39d7d8f453a1439ee119df962632e397288b678937852a	move	offering/marketplace code inside studio	functions/exports	move useful behavior to platform, then remove studio commerce dependency
sculptura	src/components/dashboard/MyArtifacts.jsx	2292	84ff122f398acc022a63c7f65cad6ef4108d42f2adadf3834c8bd2a878d8895c	move	offering/marketplace code inside studio	legacy base44 access, functions/exports	move useful behavior to platform, then remove studio commerce dependency
sculptura	src/components/dashboard/WalletSection.jsx	2121	6d5a3c7025480b5a5ff71acf98c21f87f63c864edfb3a550e6a6da6df763609b	move	offering/marketplace code inside studio	commerce-related code, functions/exports	move useful behavior to platform, then remove studio commerce dependency
sculptura	src/components/explore/StoreGrid.jsx	2495	4a39b025929de726cc8dfb78929f5744cdf4acbb39421eb54a957460f09d9dd4	move	offering/marketplace code inside studio	commerce-related code, functions/exports	move useful behavior to platform, then remove studio commerce dependency
sculptura	src/components/home/FeaturedArtifacts.jsx	1806	0ddbbad806bd6fff689e2ac0472b33c50a2ea38a0c543e8ac89a759666f2fb69	move	offering/marketplace code inside studio	functions/exports	move useful behavior to platform, then remove studio commerce dependency
sculptura	src/components/home/ForWho.jsx	5265	13e652e95e042648f0d1a5068318b61da379c9957a45bf02e8f9fe47d36d47ca	move	offering/marketplace code inside studio	commerce-related code, functions/exports	move useful behavior to platform, then remove studio commerce dependency
sculptura	src/components/home/HeroSection.jsx	5258	12a49fe41e50d46c09318c6febe05be175755ed07c53cdf9e55699ef394c0fe5	move	offering/marketplace code inside studio	functions/exports	move useful behavior to platform, then remove studio commerce dependency
sculptura	src/components/home/HowItWorks.jsx	1816	a4bfc3f7cbe981d5f4b7f3c1edc7fe69d78031aef92bc041faf16b7377be283a	move	offering/marketplace code inside studio	functions/exports	move useful behavior to platform, then remove studio commerce dependency
sculptura	src/components/home/HowItWorksGrid.jsx	5184	bc1e746db9dbc7f4975d9d416a2524e2367b542333fe3d599e5327599a698380	move	offering/marketplace code inside studio	commerce-related code, functions/exports	move useful behavior to platform, then remove studio commerce dependency
sculptura	src/components/home/SiteFooter.jsx	4953	10addbc2c81d93504ac41c22a405fa88fd5929858873da777067269972636820	move	offering/marketplace code inside studio	form/ui, functions/exports	move useful behavior to platform, then remove studio commerce dependency
sculptura	src/components/layout/AppLayout.jsx	313	70481a6b113848a8200c1f99e0f906486535588ee36cf14879a32a73427a8cf4	exists	shared layout or model viewer	functions/exports	retain only after checking release/provenance and accessibility
sculptura	src/components/layout/GrainOverlay.jsx	105	1685bf7d32f3518481882b500142fdf46a2821e61875255171a1d2b3f1f9e308	exists	shared layout or model viewer	functions/exports	retain only after checking release/provenance and accessibility
sculptura	src/components/layout/Header.jsx	5300	578a18155a28d537ce88fdaa07a9777e5548c7abd2e17db26db8b797e8af63c5	exists	shared layout or model viewer	browser storage, form/ui, route/navigation, commerce-related code, functions/exports	retain only after checking release/provenance and accessibility
sculptura	src/components/market/MarketSidebar.jsx	3788	e2c13f08db1a8876033a15809e70c80d487de9b3dfd5fcfd1d1d7b829670e0e3	move	offering/marketplace code inside studio	functions/exports	move useful behavior to platform, then remove studio commerce dependency
sculptura	src/components/market/mystore/StoreAppearance.jsx	7607	0774a049569ee4af7f27fa9a8b88174deb45fa87562009708ddc8e26ed3da6ea	move	offering/marketplace code inside studio	legacy base44 access, form/ui, functions/exports	move useful behavior to platform, then remove studio commerce dependency
sculptura	src/components/market/mystore/StoreContent.jsx	4739	c4120a8bc76c36417dbddf117aeada06387a06944626d5880113693edf8a51ab	move	offering/marketplace code inside studio	legacy base44 access, form/ui, commerce-related code, functions/exports	move useful behavior to platform, then remove studio commerce dependency
sculptura	src/components/market/mystore/StoreCoupons.jsx	5270	4aa2edccde6e8caf21684de4b8d1304a22d8c01d3b818d92615a687541bfd727	move	offering/marketplace code inside studio	legacy base44 access, form/ui, commerce-related code, functions/exports	move useful behavior to platform, then remove studio commerce dependency
sculptura	src/components/market/mystore/StorePreviewCard.jsx	4353	e3aea7f344806cc8fda29e760bdff028179db7d4c86795744ff228f4e538df62	move	offering/marketplace code inside studio	commerce-related code, functions/exports	move useful behavior to platform, then remove studio commerce dependency
sculptura	src/components/market/mystore/StoreSocials.jsx	3319	d373566a9e17bf55468399de66fd1f4baf9ead70a80088f724310127f4a9c924	move	offering/marketplace code inside studio	legacy base44 access, form/ui, functions/exports	move useful behavior to platform, then remove studio commerce dependency
sculptura	src/components/market/mystore/StoreTipJar.jsx	3115	320582d4943a6ba8467709b77a019e602d3efa2357dd066253eeb20fc3a267d5	move	offering/marketplace code inside studio	legacy base44 access, form/ui, functions/exports	move useful behavior to platform, then remove studio commerce dependency
sculptura	src/components/market/mystore/StoreWaitlist.jsx	2461	965b7d107a875df3338e597c958f65e705b632c6d2799c650c2931728ed5db8f	move	offering/marketplace code inside studio	legacy base44 access, functions/exports	move useful behavior to platform, then remove studio commerce dependency
sculptura	src/components/market/sections/AnalyticsSection.jsx	967	a02057669fc50322123776bcf471e04cb68e8d89db27c47a3235bad7ef55e427	move	offering/marketplace code inside studio	functions/exports	move useful behavior to platform, then remove studio commerce dependency
sculptura	src/components/market/sections/ArtifactsSection.jsx	5373	136d77a8212afa27821018dff2cd959bb37315f3400b09389a45d54fed91de59	move	offering/marketplace code inside studio	route/navigation, functions/exports	move useful behavior to platform, then remove studio commerce dependency
sculptura	src/components/market/sections/FinanceSection.jsx	3657	233c92423baf41a1d7fa1821c28a37fa33e54d8d3fd1b5b866ac5a14ad6eeb3b	move	offering/marketplace code inside studio	commerce-related code, functions/exports	move useful behavior to platform, then remove studio commerce dependency
sculptura	src/components/market/sections/InsightsSection.jsx	7125	da2c905fb5f983a19439e1043de47c2c30a7bb24d513996c0fd27ac6efdd1772	move	offering/marketplace code inside studio	form/ui, commerce-related code, functions/exports	move useful behavior to platform, then remove studio commerce dependency
sculptura	src/components/market/sections/OrdersSection.jsx	5057	4b8b995a5fdcf384337cf930cbe24324607a06c4840beb69b33476c39a649511	move	offering/marketplace code inside studio	commerce-related code, functions/exports	move useful behavior to platform, then remove studio commerce dependency
sculptura	src/components/market/sections/OverviewSection.jsx	5324	14531e508d733d3e32954108ed364895f0c400e4c457e0040ed4e5208b993bd6	move	offering/marketplace code inside studio	functions/exports	move useful behavior to platform, then remove studio commerce dependency
sculptura	src/components/market/sections/SettingsSection.jsx	5792	2126b50507cc1e462432decaabd591b167ff59a927cb8fce2ba413fe4d02fd87	move	offering/marketplace code inside studio	legacy base44 access, form/ui, commerce-related code, functions/exports	move useful behavior to platform, then remove studio commerce dependency
sculptura	src/components/market/sections/StoreProfileSection.jsx	5631	392c10d31a8aaff5dce04f3fee5a086a8eebff5f004343f35dd9a5e9b79c250d	move	offering/marketplace code inside studio	legacy base44 access, commerce-related code, functions/exports	move useful behavior to platform, then remove studio commerce dependency
sculptura	src/components/market/settings/SettingsCommissions.jsx	3781	d2d61ed01e3bec78cd300db7cf9cccdc299ebad85b1c3e86ed4f03be86314ad8	move	offering/marketplace code inside studio	form/ui, commerce-related code, functions/exports	move useful behavior to platform, then remove studio commerce dependency
sculptura	src/components/market/settings/SettingsMaterials.jsx	3988	a1e5b20d3d129e12395c7d79709a1b349f46f79490d3ee8b7bad8c63342cfba7	move	offering/marketplace code inside studio	form/ui, functions/exports	move useful behavior to platform, then remove studio commerce dependency
sculptura	src/components/market/settings/SettingsPayout.jsx	3569	06a2b39020d0aef10440ca7d00487ba6ef5387a2235849c730f0d8bc0956701e	move	offering/marketplace code inside studio	form/ui, commerce-related code, functions/exports	move useful behavior to platform, then remove studio commerce dependency
sculptura	src/components/market/settings/SettingsPricing.jsx	5137	dd04bf6bfd69d354937d6492a6f774d31b826783b63eb894fd0ed10b07ae0252	move	offering/marketplace code inside studio	form/ui, functions/exports	move useful behavior to platform, then remove studio commerce dependency
sculptura	src/components/market/settings/SettingsProfile.jsx	3229	3e124e7fb17682bb9382a73e5b3a842bf6cb682ab408e4635b32cc3f2c219004	move	offering/marketplace code inside studio	form/ui, functions/exports	move useful behavior to platform, then remove studio commerce dependency
sculptura	src/components/studio/StudioNav.jsx	4805	509216f603c2025ab3b59503868771f6ae4aed1515b9b12e6d8658ec73616c85	shell	shared visual component	browser storage, functions/exports	keep only after domain data and behavior are checked
sculptura	src/components/ui/accordion.jsx	1615	b47533b3783b8149550b8481e4ae93d54bdcbc51d434793c176b0aec5558ee1c	exists	shared interface helper	source/configuration inspected	retain after accessibility and dependency review
sculptura	src/components/ui/alert-dialog.jsx	3461	a20098cdc2eb2b5915575d3f0fb7a3e8e6c1035c7eef77144f3fc389e0fdbda0	exists	shared interface helper	functions/exports	retain after accessibility and dependency review
sculptura	src/components/ui/alert.jsx	1335	c5baf27fb6a4bf130236fa0f336c21084fee192e8215bb6b20c87436c27f3b38	exists	shared interface helper	source/configuration inspected	retain after accessibility and dependency review
sculptura	src/components/ui/aspect-ratio.jsx	140	08b0aa0b05efc573c7d63363c03e83d4b101bfeb54140764e96ddea30659cfcc	exists	shared interface helper	source/configuration inspected	retain after accessibility and dependency review
sculptura	src/components/ui/avatar.jsx	1043	703fb6852952bd039b68dc494c004eee1d835fa12647b851722ab9b6b3058b32	exists	shared interface helper	source/configuration inspected	retain after accessibility and dependency review
sculptura	src/components/ui/badge.jsx	990	380dcda78ff8fdd80c82b89cb7dd38ffd84c355735fc8f16300ff647e15988aa	exists	shared interface helper	functions/exports	retain after accessibility and dependency review
sculptura	src/components/ui/breadcrumb.jsx	2271	4c0972765dc0212c5101446cb931db44b7db68a21ef9d7bc8a75c46f9bb96e42	exists	shared interface helper	functions/exports	retain after accessibility and dependency review
sculptura	src/components/ui/button.jsx	1679	6c28699c64ff8c36ec5a2baf835d6bfa141cedeaf472b97d64671dac6cf7cbf8	exists	shared interface helper	source/configuration inspected	retain after accessibility and dependency review
sculptura	src/components/ui/calendar.jsx	2851	06e0c81497bda70ac24855b54fddd385557cbc3be8d8066a345bedbec551b3ee	exists	shared interface helper	functions/exports	retain after accessibility and dependency review
sculptura	src/components/ui/card.jsx	1440	8ab6f42e722e9c51752ce2f14aabb2696bddc0b6818041fb8f313f670955c2c4	exists	shared interface helper	source/configuration inspected	retain after accessibility and dependency review
sculptura	src/components/ui/carousel.jsx	4821	55eb9456609f96f5c28c1fa35fe79554fc0ffab12883e3aceb041ff10e347e83	exists	shared interface helper	functions/exports	retain after accessibility and dependency review
sculptura	src/components/ui/chart.jsx	8639	c4684b470cae53b857a08e5fe006d4406450a442a103858beb179ec810aba2b3	exists	shared interface helper	functions/exports	retain after accessibility and dependency review
sculptura	src/components/ui/checkbox.jsx	880	b0260cb7767493d8273f5def1b7d32e844d068db5f5760258d333ae6ad88f0d8	exists	shared interface helper	source/configuration inspected	retain after accessibility and dependency review
sculptura	src/components/ui/collapsible.jsx	329	f4cdd104de29928bfcd40b865c7d08eed9157a537fbb8b5e6d0921f02b63cc04	exists	shared interface helper	source/configuration inspected	retain after accessibility and dependency review
sculptura	src/components/ui/command.jsx	3897	e7cea37aff49e211ffea1bf3ed67add6ce1ab29862e902aff739fcd11014f06f	exists	shared interface helper	functions/exports	retain after accessibility and dependency review
sculptura	src/components/ui/context-menu.jsx	5995	5fe320cad9ee1833e9528f86e340f83f419f77790549f4cff083fad329e8dc4c	exists	shared interface helper	functions/exports	retain after accessibility and dependency review
sculptura	src/components/ui/dialog.jsx	3228	50a7cc4ae5ce0f2527662ed9742d35b8c4933d1629a2740b26890793aee00742	exists	shared interface helper	functions/exports	retain after accessibility and dependency review
sculptura	src/components/ui/drawer.jsx	2359	3d2dce97d3f6bc5dfa887e87c6688228298526bfdc29a28f2edbd6c1dc2eb47a	exists	shared interface helper	functions/exports	retain after accessibility and dependency review
sculptura	src/components/ui/dropdown-menu.jsx	6157	d36cd67e71781bbb03059b057b6f686445477a4275120359178729574398c465	exists	shared interface helper	functions/exports	retain after accessibility and dependency review
sculptura	src/components/ui/form.jsx	3141	d899b071230c321acdb2996cbe02d84a46dd9825f81af1015f7e54c6b9ee211c	exists	shared interface helper	form/ui, functions/exports	retain after accessibility and dependency review
sculptura	src/components/ui/hover-card.jsx	1070	3b49e533ad60995767a3419351642037438e8f27b62132115fc71115cf1fd0ad	exists	shared interface helper	source/configuration inspected	retain after accessibility and dependency review
sculptura	src/components/ui/input-otp.jsx	1811	78a437a82203c1d9d22d47db830bdc67d49d6473c5c28ad77634eeb8c399a649	exists	shared interface helper	source/configuration inspected	retain after accessibility and dependency review
sculptura	src/components/ui/input.jsx	690	4455aea152904f128df0ecd82047bbceb23e06ffcc9ccc7cbb3bcc87df5bcc4f	exists	shared interface helper	form/ui	retain after accessibility and dependency review
sculptura	src/components/ui/label.jsx	525	37c6425d2a5c798ade4e60f89f86054d703433a8977e12d796de2b5bb4e3d0b7	exists	shared interface helper	source/configuration inspected	retain after accessibility and dependency review
sculptura	src/components/ui/menubar.jsx	6790	5411f1b8221d9a34fc9b58f830642cfa3a33c776d0072014690e2f024515391d	exists	shared interface helper	functions/exports	retain after accessibility and dependency review
sculptura	src/components/ui/navigation-menu.jsx	4217	a1f789747cb750329a33ee04c54209b044239a15ba200fb9d7da1f2ce6b73403	exists	shared interface helper	source/configuration inspected	retain after accessibility and dependency review
sculptura	src/components/ui/pagination.jsx	2322	1d519fc3ba1c8c6cf7f2d30c98739ecba2fa7af35cbc024d6793785e7a6d65c8	exists	shared interface helper	functions/exports	retain after accessibility and dependency review
sculptura	src/components/ui/popover.jsx	1166	199cc7b3d810013867ae91305f0966b8a66526a1c13d10248c38ee1797d169db	exists	shared interface helper	source/configuration inspected	retain after accessibility and dependency review
sculptura	src/components/ui/progress.jsx	667	1ad2808d51c365f04f23a4e985b03274dcc30735d74db68e1f78332a6533859c	exists	shared interface helper	source/configuration inspected	retain after accessibility and dependency review
sculptura	src/components/ui/radio-group.jsx	1135	10ced1e6932e4fe53d6c18201f50b8bb4b334b4372f01ce5f0993aa2a6bb9110	exists	shared interface helper	source/configuration inspected	retain after accessibility and dependency review
sculptura	src/components/ui/resizable.jsx	1570	4e74fb31b8321012570554dc8c55a58aacf1adcced2fdc43085c67ff96ce9773	exists	shared interface helper	functions/exports	retain after accessibility and dependency review
sculptura	src/components/ui/scroll-area.jsx	1362	3de4bed34be51a940243b0fbf8c6d9324ecb416a91a919d65ca18d15a7ba32a1	exists	shared interface helper	source/configuration inspected	retain after accessibility and dependency review
sculptura	src/components/ui/select.jsx	4677	15c7a0e4c45b655ffa8d3f3be8bdaab727a19fd6baa95b34056bf02c7254243e	exists	shared interface helper	source/configuration inspected	retain after accessibility and dependency review
sculptura	src/components/ui/separator.jsx	600	2c82247abd573d0f4a93eb259166e3b778365b58c0d18921b4739d5ba4b29e7e	exists	shared interface helper	source/configuration inspected	retain after accessibility and dependency review
sculptura	src/components/ui/sheet.jsx	3549	33f27d1b55925dbc354d0a61b0cbc6f977352da13f4df519f06e5b5bd9ed2d5c	exists	shared interface helper	functions/exports	retain after accessibility and dependency review
sculptura	src/components/ui/sidebar.jsx	20643	828bec5ac1ec715fe50deebae08a7da23f01e9b0dcb221b110e37de63eb22d3c	exists	shared interface helper	form/ui, functions/exports	retain after accessibility and dependency review
sculptura	src/components/ui/skeleton.jsx	227	c5f32316d9f8feeba529bac6321766424067185afee5f29a15bb18145adaf1bc	exists	shared interface helper	functions/exports	retain after accessibility and dependency review
sculptura	src/components/ui/slider.jsx	914	1761bfaa0a06480b76b31511e4a5c24903b407732e027fc11ad615dd3d93a562	exists	shared interface helper	source/configuration inspected	retain after accessibility and dependency review
sculptura	src/components/ui/sonner.jsx	799	f1309f953467d583202225d08414161fc3183758ac38c997249eb63686a27ba8	exists	shared interface helper	functions/exports	retain after accessibility and dependency review
sculptura	src/components/ui/switch.jsx	1025	880e95637cc1d90ef4476f79114afd2fa7b5f6e5da1f49a70e0efc1f84aa0c8a	exists	shared interface helper	source/configuration inspected	retain after accessibility and dependency review
sculptura	src/components/ui/table.jsx	2231	301509bb8337184f1b299cb15b8d4f8ec8f0d3bbc17a2ffdf33ff58f7eaa444e	exists	shared interface helper	source/configuration inspected	retain after accessibility and dependency review
sculptura	src/components/ui/tabs.jsx	1529	57591bdfb3fa931b06edcf4168b6881a79785c674ad0618003d12cd656072350	exists	shared interface helper	source/configuration inspected	retain after accessibility and dependency review
sculptura	src/components/ui/textarea.jsx	587	b64a8fabf495dd59dbfd23914334ffbdfa695f506a133370603a49eca1243f62	exists	shared interface helper	source/configuration inspected	retain after accessibility and dependency review
sculptura	src/components/ui/toast.jsx	3804	8a98ef70908fd33627d09f6a5c715417b243502836539acda857843dd4817070	exists	shared interface helper	source/configuration inspected	retain after accessibility and dependency review
sculptura	src/components/ui/toaster.jsx	785	fc1bce32d9a45f5be28c67b486962b90eed76742f3c0995f5fb908ffc6bde3cd	exists	shared interface helper	functions/exports	retain after accessibility and dependency review
sculptura	src/components/ui/toggle-group.jsx	1284	1c7566b9f2aa00f0afdf161527be90588a11386158dca55425ea0d8c0e3883e4	exists	shared interface helper	source/configuration inspected	retain after accessibility and dependency review
sculptura	src/components/ui/toggle.jsx	1310	e8fe6de52ef73d6fa868229ae7a21e681fb3088975847d6ee65a8387731c1c79	exists	shared interface helper	source/configuration inspected	retain after accessibility and dependency review
sculptura	src/components/ui/tooltip.jsx	1091	73e47a5dde6c55aca2e32e429ba95d8746ce2cca02cc718613f337b5bc9f5f19	exists	shared interface helper	source/configuration inspected	retain after accessibility and dependency review
sculptura	src/components/ui/use-toast.jsx	3379	40f2839736597a3f7d54e4359a375c5991ce58eb341d8abb944874ac0dce9bbc	exists	shared interface helper	functions/exports	retain after accessibility and dependency review
sculptura	src/components/viewer/ModelViewer.jsx	7571	593f9d50d3699f47797a1af8d9f9c9393852178c1f23923fba2c52ffba53352c	exists	shared layout or model viewer	geometry/rendering, functions/exports	retain only after checking release/provenance and accessibility
sculptura	src/features.md	4453	9cc9699ea6aa0e3da48e9d55f1f65b724c10cc3e6cd3f1a6218023d2a4261997	reference	legacy source documentation	browser storage, geometry/rendering, commerce-related code	verify against implementation; do not treat as deployed behavior
sculptura	src/hooks/use-mobile.jsx	545	a136217739e79f9d02440e711b9bd1abb6adf60f1a83b45a39a009a09568ad1c	exists	shared interface helper	functions/exports	retain after accessibility and dependency review
sculptura	src/index.css	4982	c36a8671d11547ce16ac10c767dba2276dcaf598d8d86c0702cb5051725a36de	exists	build/configuration/source asset	source/configuration inspected	retain with dependency and security review
sculptura	src/lib/AuthContext.jsx	4717	3783983e43151c9a1f42d4fe4a51fbb33e9b907db19ad82d493c7db8ad3d1843	partial	client authentication/session helper	legacy base44 access, route/navigation, functions/exports	verify server-enforced role and cross-tenant access
sculptura	src/lib/PageNotFound.jsx	1901	cf0e2fb5bc859be55c9948da5703f418a3843deb7693761136c446e06e6be30b	shell	shared visual component	legacy base44 access, route/navigation, functions/exports	keep only after domain data and behavior are checked
sculptura	src/lib/app-params.js	1791	d0c8c149528b705355dbc842096b6662df4610eba1f356285fee74211fc580d3	exists	build/configuration/source asset	browser storage, legacy base44 access, route/navigation, functions/exports	retain with dependency and security review
sculptura	src/lib/cartStore.js	2062	dd229c31f53582680769161a852f96cec608e0d253fb7baf5b4b218005ef872e	move	offering/marketplace code inside studio	browser storage, functions/exports	move useful behavior to platform, then remove studio commerce dependency
sculptura	src/lib/crypto.js	996	89790b520ce425be4f3455752ee2569e276ee5bf2b7cf46b300bba12fb8a2d57	exists	build/configuration/source asset	supabase access, functions/exports	retain with dependency and security review
sculptura	src/lib/demoData.js	6824	4113bd8fcdbbb01f64658e5d73ccbfb7234cbd32423175a99cc25c697b906968	move	offering/marketplace code inside studio	commerce-related code, functions/exports	move useful behavior to platform, then remove studio commerce dependency
sculptura	src/lib/jewelryDefaults.js	11188	c4a957521b739631338cd26b422856033fa92fda2ac79a0e9338e41588a42ce1	partial	studio editing or geometry	functions/exports	retain intent/controls; converge preview and exports on server-validated paracraft
sculptura	src/lib/jewelryTemplates.js	10142	84cd457e9063a68779b86ab745997c8836c47a69ae8378c81b2502a8b5413c42	partial	studio editing or geometry	functions/exports	retain intent/controls; converge preview and exports on server-validated paracraft
sculptura	src/lib/multiPieceJewelry.js	13991	27539989ab2f532ea48813fa984408d48359ccfef358994663f9d08a521811b7	partial	studio editing or geometry	geometry/rendering, functions/exports	retain intent/controls; converge preview and exports on server-validated paracraft
sculptura	src/lib/pricing.js	983	a6ae351b82f697abcf4cf143823d3b11d2db79bfb9140a1fa4d7a2b849ad952b	move	offering/marketplace code inside studio	commerce-related code, functions/exports	move useful behavior to platform, then remove studio commerce dependency
sculptura	src/lib/query-client.js	197	0a080b6d9a1ed9f5f32150d9e3faa928f955d2b8d6206831e2b1658e84612c92	exists	build/configuration/source asset	functions/exports	retain with dependency and security review
sculptura	src/lib/sculpteoMaterials.js	5258	5383319d76901f7ba34ac7371a571c41cd1b88176fe94b9c6ea322e3d49f3a70	exists	build/configuration/source asset	functions/exports	retain with dependency and security review
sculptura	src/lib/stlExport.js	4579	03348534070e4589b998aa3ae54be5ffddf719babcc04fd13d14723d84948236	partial	studio editing or geometry	geometry/rendering, functions/exports	retain intent/controls; converge preview and exports on server-validated paracraft
sculptura	src/lib/studioStore.js	2311	7cfd5f85bcdd554f29e567f38d95ccc1c7eba3dc9d18d7358e63715c7ef76208	partial	studio editing or geometry	browser storage, functions/exports	retain intent/controls; converge preview and exports on server-validated paracraft
sculptura	src/lib/svgToShape.js	5068	5ccfac6f15af2151bd1bf42e638c1d2fd7bc225de91cf1757b79c361fe710aea	partial	studio editing or geometry	supabase access, geometry/rendering, functions/exports	retain intent/controls; converge preview and exports on server-validated paracraft
sculptura	src/lib/utils.js	190	4f592359765d69c32c3617700fa111af9a6a9cac8f18cb1987c25503a343c203	exists	build/configuration/source asset	functions/exports	retain with dependency and security review
sculptura	src/main.jsx	189	caa3bab80b647fbb53fccd2e80d6e190d45a4b06c92bf85e3968d87e8d891cec	exists	application bootstrap	source/configuration inspected	retain, then verify provider wiring and startup
sculptura	src/overview.md	2714	880a4fe2aef301f9b26c8df2200188ce23b0112d0cd882c694382dd85d37d36e	reference	legacy source documentation	geometry/rendering, commerce-related code	verify against implementation; do not treat as deployed behavior
sculptura	src/pages/AdminReview.jsx	15485	a2ffa1140ec6f864ca4a60e6a1c28dab45c55a1d4724150491e4a8c10d23e13d	move	offering/marketplace code inside studio	form/ui, functions/exports	move useful behavior to platform, then remove studio commerce dependency
sculptura	src/pages/ArtifactDetail.jsx	8579	c1149d4666440475f43dbbd21d3d98f35e458831f2bde748c8b4cae5e0cf2012	move	offering/marketplace code inside studio	route/navigation, commerce-related code, functions/exports	move useful behavior to platform, then remove studio commerce dependency
sculptura	src/pages/CanvasDesigner.jsx	6031	55e36788f215e2b5cd4deff51acc958a5186f417bc0f3a8e1547687e20f33771	partial	legacy browser design surface	functions/exports	merge useful controls into canonical studio and server build
sculptura	src/pages/Checkout.jsx	15793	c50cf7f60d4de668eb82756383b5aca7bcd402bdffc1a66a4b15424fbf696bb8	move	offering/marketplace code inside studio	legacy base44 access, form/ui, route/navigation, commerce-related code, functions/exports	move useful behavior to platform, then remove studio commerce dependency
sculptura	src/pages/CreatorProfile.jsx	3687	5626f40b21576de3541c2da0f650ee160f423113a2af8f26d70300e0ba51f884	move	offering/marketplace code inside studio	legacy base44 access, route/navigation, commerce-related code, functions/exports	move useful behavior to platform, then remove studio commerce dependency
sculptura	src/pages/Dashboard.jsx	3414	dc4a87e76785ee362fa4ca88801738cd5a62867800cf909312a5f34ff8565f77	move	offering/marketplace code inside studio	legacy base44 access, route/navigation, functions/exports	move useful behavior to platform, then remove studio commerce dependency
sculptura	src/pages/Explore.jsx	7189	5d68743edccc61d0eeebcd30798659d5cc36d6a9bfb3acb06cd50614bc89f1a3	move	offering/marketplace code inside studio	form/ui, route/navigation, functions/exports	move useful behavior to platform, then remove studio commerce dependency
sculptura	src/pages/FAQ.jsx	7887	10fe2430d251daeb68ddce01b0dde8aa15f6caef45f1322ac0dcbdfe1caf6f77	shell	shared visual component	commerce-related code, functions/exports	keep only after domain data and behavior are checked
sculptura	src/pages/Home.jsx	566	d173d469cbc9ca4b53bd9b04519a1095c48862151b16b2bace2a132f44667a07	shell	shared visual component	functions/exports	keep only after domain data and behavior are checked
sculptura	src/pages/Onboarding.jsx	374	4d66ac91a67ea73297148c2485aee862f846a387c536c179b7fdd6e5f7651462	shell	shared visual component	route/navigation, functions/exports	keep only after domain data and behavior are checked
sculptura	src/pages/PublishArtifact.jsx	22230	7e725ae757aaefa04c98afc85ac301392a2b9d9dd824cb6c314c42d22eb4c33a	move	offering/marketplace code inside studio	form/ui, route/navigation, commerce-related code, functions/exports	move useful behavior to platform, then remove studio commerce dependency
sculptura	src/pages/Roadmap.jsx	7882	1d3fbebc72d4021a3d3a43e02c7b4e5a6cb66d3eaec1cd4b60fbf82579614bd0	shell	shared visual component	commerce-related code, functions/exports	keep only after domain data and behavior are checked
sculptura	src/pages/ShopProfile.jsx	5407	1cff308a5dde3dca3d28b9386cbfe4960257a77361439c8b28076ecba688080e	move	offering/marketplace code inside studio	commerce-related code, functions/exports	move useful behavior to platform, then remove studio commerce dependency
sculptura	src/pages/market/AccessAccount.jsx	3521	fec9958140f8f0476c419d26686993a6f549e7ce60deeb83c5fdba469a2f0f6e	move	offering/marketplace code inside studio	form/ui, route/navigation, functions/exports	move useful behavior to platform, then remove studio commerce dependency
sculptura	src/pages/market/CreateAccount.jsx	10739	59f05d66967584bb3e6d94bfd5c7d74515a16a23ed6705a7ee8a21b512f54765	move	offering/marketplace code inside studio	form/ui, route/navigation, functions/exports	move useful behavior to platform, then remove studio commerce dependency
sculptura	src/pages/market/MarketDashboard.jsx	3581	8d0e205b347c46addcb8d51d03d7dc27b2df051a79434e0f1e7d822b7405cd84	move	offering/marketplace code inside studio	route/navigation, functions/exports	move useful behavior to platform, then remove studio commerce dependency
sculptura	src/pages/market/MyStore.jsx	5439	6e36e6adfc855063a78186e42f24ad91d8794e5e0022ff778107f4aa9b9941af	move	offering/marketplace code inside studio	legacy base44 access, route/navigation, functions/exports	move useful behavior to platform, then remove studio commerce dependency
sculptura	src/pages/market/StoreSettings.jsx	4414	f0ca09f20d98a1c911195c6d0519e9a19f5c2545505fc69bb7b418f525e04008	move	offering/marketplace code inside studio	route/navigation, commerce-related code, functions/exports	move useful behavior to platform, then remove studio commerce dependency
sculptura	src/pages/studio/BuildPage.jsx	54968	d392f5e8926897510976d2c8a6b281a13ed3db06f83bb0a0632c87235f789002	partial	studio editing or geometry	form/ui, route/navigation, geometry/rendering, functions/exports	retain intent/controls; converge preview and exports on server-validated paracraft
sculptura	src/pages/studio/CodePage.jsx	545	93bf4725646ad036b3c3f74e77619ef4816f73d5d06867b4fb9ea0ac54c527d5	partial	studio editing or geometry	functions/exports	retain intent/controls; converge preview and exports on server-validated paracraft
sculptura	src/pages/studio/MaterialsPage.jsx	11345	d8fcd2e7dab8cf3ef01f82a37b0bde05c4b65dd28f253849786267cb5cf82a1d	partial	studio editing or geometry	functions/exports	retain intent/controls; converge preview and exports on server-validated paracraft
sculptura	src/pages/studio/PresetsPage.jsx	6991	0d73ca717176a4ea8cd99a14a6198899bc57eb48f87986ebaf528dcb89f136f8	partial	studio editing or geometry	browser storage, form/ui, route/navigation, functions/exports	retain intent/controls; converge preview and exports on server-validated paracraft
sculptura	src/pages/studio/PrintPage.jsx	1094	9ddadad43da8568645c2fc2761e4b87e252febab9ce3f696ad2433e5ba514154	partial	studio editing or geometry	functions/exports	retain intent/controls; converge preview and exports on server-validated paracraft
sculptura	src/pages/studio/StylesPage.jsx	8096	c7da03f4c6ac43b9235862b698caee4fe472c074c8bd3d4ec533a27aff714589	partial	studio editing or geometry	form/ui, functions/exports	retain intent/controls; converge preview and exports on server-validated paracraft
sculptura	src/pages/studio/TemplatesPage.jsx	4985	054c5e1c106bd380a1f829d01ba655e177bed808a499c61e67c9016a33bf2189	partial	studio editing or geometry	form/ui, route/navigation, functions/exports	retain intent/controls; converge preview and exports on server-validated paracraft
sculptura	src/port.md	1642	bdadea06ab4c5114b05f16f63f2a26508195402961ffb32857a5c6b00bc96255	reference	legacy source documentation	browser storage, supabase access, legacy base44 access, geometry/rendering	verify against implementation; do not treat as deployed behavior
sculptura	src/portsb.md	7639	cc6649308e59da666fbce8acf08a0a1d4abbaedc8e6b6516addffa52e8c9bdd1	reference	legacy source documentation	supabase access, legacy base44 access, database migration, geometry/rendering, commerce-related code	verify against implementation; do not treat as deployed behavior
sculptura	src/roadmap.md	1563	151a77f85046bb9b8ef5576b52d268c41d8e0d55b379e48890e735dc42e04d18	reference	legacy source documentation	supabase access, geometry/rendering, commerce-related code	verify against implementation; do not treat as deployed behavior
sculptura	src/techstack.md	3618	5e66370ebc1bba7c735b1b1b26747d83e2b28aebd084e464f3e23d3d049ed5f6	reference	legacy source documentation	browser storage, supabase access, geometry/rendering	verify against implementation; do not treat as deployed behavior
sculptura	src/theme.md	7344	5ce4ac5a32db003aac7319adcdea99f0955b657ffc4ea01960c8b4f68f161e7e	reference	legacy source documentation	browser storage, commerce-related code	verify against implementation; do not treat as deployed behavior
sculptura	src/underthehood.md	4423	2887cf0b62f3424ac66a00a9896807e8842f573e9ad0320a7c1f2d80ed472833	reference	legacy source documentation	browser storage, legacy base44 access, geometry/rendering, commerce-related code	verify against implementation; do not treat as deployed behavior
sculptura	src/utils/index.ts	97	1bd31d3e8630b19dcb1d92878a2501d5e29fc935eab48ec5d90e66c410cf7e1a	exists	build/configuration/source asset	functions/exports	retain with dependency and security review
sculptura	tailwind.config.js	3947	cdbf45804e50912154514f61472649602b22cc81571f990d63f0ff2e72ad37ef	exists	build/configuration/source asset	source/configuration inspected	retain with dependency and security review
sculptura	vite.config.js	676	6e60cb5b78a0d5aaedc2209ac6e6da06ffe77476f9e1eb0eef26b974dbf6d31d	exists	build/configuration/source asset	legacy base44 access, functions/exports	retain with dependency and security review
sculptura.dev	.env	350	[private]	restricted	deployment credentials	private file contents withheld	keep private; do not publish contents or hashes
sculptura.dev	.env.development	136	[private]	restricted	deployment credentials	private file contents withheld	keep private; do not publish contents or hashes
sculptura.dev	.gitignore	253	fe718e7babb14f3cbad2d97f08889b9ce5215ed3fe0e43b2b8cfbfb3b9b844e8	exists	build/configuration/source asset	source/configuration inspected	retain with dependency and security review
sculptura.dev	.lovable/plan/studiogram-content-pages-2026-09-12.md	1491	adece2f74cd65696f807a62bcc5e5b8bef26637e5596083f6a14d97ba2df481c	reference	legacy source documentation	source/configuration inspected	verify against implementation; do not treat as deployed behavior
sculptura.dev	AGENTS.md	11086	1069946312a6b97091cfcedf91b2adcf46d0b707eceecc6aefadc35590202feb	reference	legacy source documentation	legacy base44 access, geometry/rendering, commerce-related code, functions/exports	verify against implementation; do not treat as deployed behavior
sculptura.dev	README.md	1	01ba4719c80b6fe911b091a7c05124b64eeece964e09c058ef8f9805daca546b	reference	legacy source documentation	source/configuration inspected	verify against implementation; do not treat as deployed behavior
sculptura.dev	bun.lockb	299361	ae43092afa7fe1076ec0626e8812de31ef017775f080970eb319621be88c5ee9	exists	binary/static asset	binary bytes inspected	retain or review whether still referenced
sculptura.dev	components.json	444	73e1334afce0f20f01500532e3b63a7cc36238d8a05addef40c476fadf9dc349	exists	build/configuration/source asset	source/configuration inspected	retain with dependency and security review
sculptura.dev	eslint.config.js	765	c55264234fef783629810643d995cd522c3adaeb60e7157906310607292015a3	exists	build/configuration/source asset	functions/exports	retain with dependency and security review
sculptura.dev	features.md	1838	4c6ffc8c9939d1d4aadc1c65c0ca2c07d458e75b305197fc6a237ad0d9b9a746	reference	legacy source documentation	browser storage, supabase access, geometry/rendering, commerce-related code, functions/exports	verify against implementation; do not treat as deployed behavior
sculptura.dev	index.html	1628	04fcd36aeeaac22c8ccf7cf1e1e1c32b8d313771707f6b8732aa0e0b308397fc	exists	build/configuration/source asset	browser storage	retain with dependency and security review
sculptura.dev	overview.md	904	9c6e13e423d68ccbf421de6c5eb518fdfddb5c6832dfcbebbb32bf6379a8fae7	reference	legacy source documentation	source/configuration inspected	verify against implementation; do not treat as deployed behavior
sculptura.dev	package-lock.json	353986	91e6f48e6659955415981a20ea67c347cf89470df9f5bbcf1a1c705ec3322e0e	exists	dependency lock	supabase access, geometry/rendering	pin and verify dependency/build compatibility
sculptura.dev	package.json	3062	f3b7698fdf3aab859b8b741421caf5b42df9811c53fb4f5b7cc01cb4bf5e30af	exists	build/configuration/source asset	supabase access, geometry/rendering	retain with dependency and security review
sculptura.dev	port.md	1227	7d0588c83b0bdc2f89a3e010b395157b8075bfe83a44eb9965be460e9acc8184	reference	legacy source documentation	supabase access	verify against implementation; do not treat as deployed behavior
sculptura.dev	portsb.md	7029	db4478b07c2dffd9e6b3713d7190205fc2138ef61da8fec901acdc564c1a1b8b	reference	legacy source documentation	browser storage, supabase access, database migration, functions/exports	verify against implementation; do not treat as deployed behavior
sculptura.dev	postcss.config.js	80	190c877db466995bf1482f4a16abd06e04a89ede3119341e2a86ff96e1737b27	exists	build/configuration/source asset	functions/exports	retain with dependency and security review
sculptura.dev	public/favicon.ico	22364	ca70e76af2652697d18f0ea9917f661fca05436d502f68625cd91d1938332347	exists	binary/static asset	binary bytes inspected	retain or review whether still referenced
sculptura.dev	public/fonts/morphosa-bag.woff	17476	8cb8310afa4383c16d158fa49974896d626b63b01e92be6ebc5494b03318db0a	exists	binary/static asset	binary bytes inspected	retain or review whether still referenced
sculptura.dev	public/placeholder.svg	28625	c7f8fef98e76c2621a69fb6a06ebad4e552b2641e29cdb762c43e0d1f43be0ff	exists	build/configuration/source asset	source/configuration inspected	retain with dependency and security review
sculptura.dev	public/robots.txt	372	0503c197ec272c3dda46e93ec89937a0721ed81d153fb1ca9d307733f9cf9fb8	reference	legacy source documentation	commerce-related code	verify against implementation; do not treat as deployed behavior
sculptura.dev	public/sitemap.xml	2945	dbc77b76000da5443e91712bcabbbbe2e55de6da918b45773dd2ae4d95fd729e	exists	build/configuration/source asset	source/configuration inspected	retain with dependency and security review
sculptura.dev	research.md	19440	830526c063916b6d868a59b4e5895010e51480e23ac7ee7ea9c63fa987b7375a	reference	legacy source documentation	geometry/rendering, functions/exports	verify against implementation; do not treat as deployed behavior
sculptura.dev	roadmap.md	1047	e19ba4795be3cb9559be8be5cac730c9ff9ee1d0d359c07429c9ed5cefe83c86	reference	legacy source documentation	commerce-related code	verify against implementation; do not treat as deployed behavior
sculptura.dev	src/App.jsx	6384	705b977ed08ac2f5be44d1ee09fca0307afe741b065253a2b5914a8ef9e780f2	partial	route composition	browser storage, commerce-related code, functions/exports	verify auth gates and each routed domain against the target split
sculptura.dev	src/components/ProtectedRoute.jsx	1069	f1121449bc7f8f31b2ed2d4a6e0211c8d300319efd58919efdd313dc7b586068	partial	client authentication/session helper	functions/exports	verify server-enforced role and cross-tenant access
sculptura.dev	src/components/UserNotRegisteredError.jsx	1592	5cecb11fe2fb3a03a73e5845b5ee9d26c9255e80feda689b3dfc70822ba288f1	shell	shared visual component	functions/exports	keep only after domain data and behavior are checked
sculptura.dev	src/components/admin/AdminLayout.jsx	6122	2bd8e0c46f582a740cbe0f430b8708cf9b5760245cac69aa4b892c53c9157148	rebuild	admin authentication	browser storage, form/ui, functions/exports	remove plaintext client password; enforce named admin role on server
sculptura.dev	src/components/artifacts/ArtifactCard.jsx	4423	1b8b271ef8c52720624c02f30cbbd390497982dd30f2d5611305192b023b94ec	partial	listing/cart ui	functions/exports	use release-backed listings and trusted checkout totals
sculptura.dev	src/components/artifacts/ArtifactGrid.jsx	503	5afa6dbee40f08f6f3d7fc65587e2e039c95dd74e5aa7b314e045adbccd4e3d1	partial	listing/cart ui	functions/exports	use release-backed listings and trusted checkout totals
sculptura.dev	src/components/artifacts/MaterialTag.jsx	969	fb5e0c5e1e879700cbc00eeceea2d0e3818aa9a7b634cfaef1514e5567dbabe7	partial	listing/cart ui	functions/exports	use release-backed listings and trusted checkout totals
sculptura.dev	src/components/artifacts/OrderModal.jsx	6945	a36b71617587f73f3b4cc2e0ef00f777df3dd86d724025e770a0b9a9d82bff52	rebuild	checkout/order control	form/ui, commerce-related code, functions/exports	add release-bound trusted quote, mock payment state, idempotency and reconciliation
sculptura.dev	src/components/cart/CartDrawer.jsx	8170	8b5ab7a05327e1105e074d0679e4fdc5043b9919821c155230dff1fab4380064	partial	listing/cart ui	commerce-related code, functions/exports	use release-backed listings and trusted checkout totals
sculptura.dev	src/components/commissions/CommissionRequestForm.jsx	9068	5e2cbed87da65f2ad4ee49826d2ca28a906b22f4e9161d8d459030b2e1d4226b	rebuild	commission surface	browser storage, form/ui, commerce-related code, functions/exports	keep muted until authenticated request, terms, payment protection and disputes work
sculptura.dev	src/components/commissions/CommissionTermsEditor.jsx	10419	5db265d1afe4f5fd3d5eb7464056615f3fa851b4f4322d1a366866fee648914d	rebuild	commission surface	supabase access, form/ui, commerce-related code, functions/exports	keep muted until authenticated request, terms, payment protection and disputes work
sculptura.dev	src/components/creator/CreatorSidebar.jsx	5916	bf81c1141a00cf32acff0d60e9488d038151c730c1beab128f1368cdf83e5358	shell	shared visual component	commerce-related code, functions/exports	keep only after domain data and behavior are checked
sculptura.dev	src/components/dashboard/InsightCard.jsx	858	911c8190952e2fa3be39d7d8f453a1439ee119df962632e397288b678937852a	shell	shared visual component	functions/exports	keep only after domain data and behavior are checked
sculptura.dev	src/components/dashboard/MyArtifacts.jsx	2275	b90545faa935bd7bfeff296cccf46017570d9b114bd7b1492eb9c1f5ea53b543	shell	shared visual component	functions/exports	keep only after domain data and behavior are checked
sculptura.dev	src/components/dashboard/WalletSection.jsx	2121	6d5a3c7025480b5a5ff71acf98c21f87f63c864edfb3a550e6a6da6df763609b	shell	shared visual component	commerce-related code, functions/exports	keep only after domain data and behavior are checked
sculptura.dev	src/components/explore/StoreGrid.jsx	2495	4a39b025929de726cc8dfb78929f5744cdf4acbb39421eb54a957460f09d9dd4	shell	shared visual component	commerce-related code, functions/exports	keep only after domain data and behavior are checked
sculptura.dev	src/components/follow/FollowButton.jsx	5487	e9aac54536dfcb0d202c03dc0790ffd43e36b2f797c7da2e9b068c30c4a685d5	partial	buyer/listing/storefront ui	browser storage, supabase access, form/ui, functions/exports	tie to release-backed listings and authenticated or guest access as appropriate
sculptura.dev	src/components/follow/FollowsAndLists.jsx	7607	25bee35b84e1d626bf460d7509550c21ecba0467fb2b9695fcece9b632fb91d3	partial	buyer/listing/storefront ui	browser storage, supabase access, form/ui, route/navigation, functions/exports	tie to release-backed listings and authenticated or guest access as appropriate
sculptura.dev	src/components/home/FeaturedArtifacts.jsx	1825	166f74b1c69ea4e885be1a187d6073a4bc3103ba788c9e8bbfdc066931d4123a	shell	shared visual component	functions/exports	keep only after domain data and behavior are checked
sculptura.dev	src/components/home/ForWho.jsx	5265	13e652e95e042648f0d1a5068318b61da379c9957a45bf02e8f9fe47d36d47ca	shell	shared visual component	commerce-related code, functions/exports	keep only after domain data and behavior are checked
sculptura.dev	src/components/home/HeroSection.jsx	15145	fc10d71f7f8ac4941ed438c0686d60f8c34c080b1cdd9fed4e8a607dbc41c7aa	shell	shared visual component	geometry/rendering, functions/exports	keep only after domain data and behavior are checked
sculptura.dev	src/components/home/HowItWorks.jsx	1814	a8bdaa36c901f4efc56d54eb79c621fb5702c7714e1b6be25cbb5d4a0be1bb9a	shell	shared visual component	functions/exports	keep only after domain data and behavior are checked
sculptura.dev	src/components/home/HowItWorksGrid.jsx	5184	bc1e746db9dbc7f4975d9d416a2524e2367b542333fe3d599e5327599a698380	shell	shared visual component	commerce-related code, functions/exports	keep only after domain data and behavior are checked
sculptura.dev	src/components/home/SiteFooter.jsx	5236	9849c906f27dc22a9f057d2d803a020cfd63c367cc3bd2f587815a06ae8db6f2	shell	shared visual component	form/ui, functions/exports	keep only after domain data and behavior are checked
sculptura.dev	src/components/layout/AppLayout.jsx	313	70481a6b113848a8200c1f99e0f906486535588ee36cf14879a32a73427a8cf4	exists	shared layout or model viewer	functions/exports	retain only after checking release/provenance and accessibility
sculptura.dev	src/components/layout/BuyerHeader.jsx	3493	db2ccebdd470b9633a39d00d5c68cdf3b6d705e2fe9ad16d8cf6e4d71caf4617	exists	shared layout or model viewer	supabase access, route/navigation, functions/exports	retain only after checking release/provenance and accessibility
sculptura.dev	src/components/layout/CurrencySwitcher.jsx	2231	a932d7f0bc41f5f9b5cb7b05c9a56041dce061023b8facfdd02ae876aaa17286	exists	shared layout or model viewer	browser storage, functions/exports	retain only after checking release/provenance and accessibility
sculptura.dev	src/components/layout/GrainOverlay.jsx	105	1685bf7d32f3518481882b500142fdf46a2821e61875255171a1d2b3f1f9e308	exists	shared layout or model viewer	functions/exports	retain only after checking release/provenance and accessibility
sculptura.dev	src/components/layout/Header.jsx	6338	681f61350eff7702c272248e38989701b06596c8056d28b1cc49e49cf221a91c	exists	shared layout or model viewer	browser storage, form/ui, route/navigation, commerce-related code, functions/exports	retain only after checking release/provenance and accessibility
sculptura.dev	src/components/market/MarketSidebar.jsx	3974	b92412b376f52d81adcf70547a633ab10945abfcfb77a66813424f560b38cafc	partial	creator storefront/account ui	commerce-related code, functions/exports	verify persistence/auth and separate preview state from published offers
sculptura.dev	src/components/market/mystore/StoreAppearance.jsx	7590	b73122d6adca54ffe71eaa701809d40444626de58b45da2c7a3074af0540211d	partial	creator storefront/account ui	form/ui, functions/exports	verify persistence/auth and separate preview state from published offers
sculptura.dev	src/components/market/mystore/StoreContent.jsx	4722	3db8fba651e8c40850be7ea0ec25c4e66e79623cd56bc1737945b47884ff6c2e	partial	creator storefront/account ui	form/ui, commerce-related code, functions/exports	verify persistence/auth and separate preview state from published offers
sculptura.dev	src/components/market/mystore/StoreCoupons.jsx	5253	90f97e254849445637c54fccb9ab5c696e2e99380f2ba40e6123ec15d2c3dc48	partial	creator storefront/account ui	form/ui, commerce-related code, functions/exports	verify persistence/auth and separate preview state from published offers
sculptura.dev	src/components/market/mystore/StoreNewsletter.jsx	4729	3b3d07d1f162e8bede92b6253439253a76c455229eef7fcf12966ab71a6cc429	partial	creator storefront/account ui	form/ui, functions/exports	verify persistence/auth and separate preview state from published offers
sculptura.dev	src/components/market/mystore/StorePreviewCard.jsx	4353	e3aea7f344806cc8fda29e760bdff028179db7d4c86795744ff228f4e538df62	partial	creator storefront/account ui	commerce-related code, functions/exports	verify persistence/auth and separate preview state from published offers
sculptura.dev	src/components/market/mystore/StoreSocials.jsx	3302	e9a15456c9d6ab622c2e0cf5a551944f8ed21d5685f05d227594d8a88a49b9a0	partial	creator storefront/account ui	form/ui, functions/exports	verify persistence/auth and separate preview state from published offers
sculptura.dev	src/components/market/mystore/StoreTipJar.jsx	3098	34c076bff1f9f349cb0e4777804eac2c82cf04ae992b556f888e41ffac4291ee	partial	creator storefront/account ui	form/ui, functions/exports	verify persistence/auth and separate preview state from published offers
sculptura.dev	src/components/market/mystore/StoreUsername.jsx	3742	752f3059dc7af3860d6c281f28751fc9529919cd7ec99cb6a6330a07c9972a6b	partial	creator storefront/account ui	form/ui, functions/exports	verify persistence/auth and separate preview state from published offers
sculptura.dev	src/components/market/mystore/StoreWaitlist.jsx	2442	acf4b0b87f988ed2ef2b605fe8994be5aff6f727066dcc49bd7048996e690347	partial	creator storefront/account ui	functions/exports	verify persistence/auth and separate preview state from published offers
sculptura.dev	src/components/market/sections/AnalyticsSection.jsx	8585	808b8cae1e19d3dac2d3a18779d882f2f230cd0eca610f6e052b893aa56867e9	shell	creator money/analytics ui	supabase access, functions/exports	back with operational ledger and reported events
sculptura.dev	src/components/market/sections/ArtifactsSection.jsx	5478	9fd303c08f29736dfd8f45e956b55514bd0e266205c5fc9439334eb487f9a9e3	partial	creator storefront/account ui	route/navigation, functions/exports	verify persistence/auth and separate preview state from published offers
sculptura.dev	src/components/market/sections/CollectionsSection.jsx	9349	4a457a6832eb664a2394112450e66b95c85ebcf5e67bab12aea10df8f425c3b0	partial	creator storefront/account ui	form/ui, functions/exports	verify persistence/auth and separate preview state from published offers
sculptura.dev	src/components/market/sections/CommissionRequestsSection.jsx	6709	50a7b42f01f8e0210328cd6ec72ebe7f75bfa9abc052214443b71f1d9461633c	rebuild	commission surface	browser storage, commerce-related code, functions/exports	keep muted until authenticated request, terms, payment protection and disputes work
sculptura.dev	src/components/market/sections/FinanceSection.jsx	3657	233c92423baf41a1d7fa1821c28a37fa33e54d8d3fd1b5b866ac5a14ad6eeb3b	shell	creator money/analytics ui	commerce-related code, functions/exports	back with operational ledger and reported events
sculptura.dev	src/components/market/sections/InsightsSection.jsx	7171	95ddd1c8ff4a3ed8077077418277e7c328a530b1fcb29d618aa39953535d553c	shell	creator money/analytics ui	form/ui, commerce-related code, functions/exports	back with operational ledger and reported events
sculptura.dev	src/components/market/sections/OrdersSection.jsx	5093	17201d478f9e0de0676d9bd2765e031a8fc44f33e3e5bc9004cce8b0627412a9	partial	creator storefront/account ui	commerce-related code, functions/exports	verify persistence/auth and separate preview state from published offers
sculptura.dev	src/components/market/sections/OverviewSection.jsx	5337	2f9b5743898539c99fc968296cf186c11c6943f9823f5a40b2b520aef5ca7d9b	partial	creator storefront/account ui	functions/exports	verify persistence/auth and separate preview state from published offers
sculptura.dev	src/components/market/sections/SettingsSection.jsx	5775	a7c3683135509f5e7967cdc9d1bbcaa91f47b1f0e6450bb90c9c481069d6b1da	partial	creator storefront/account ui	form/ui, commerce-related code, functions/exports	verify persistence/auth and separate preview state from published offers
sculptura.dev	src/components/market/sections/StoreProfileSection.jsx	5614	8adcf5f9059534c526269274951a928ec729f9949ff2a78bb30b62a64fbecba4	partial	creator storefront/account ui	commerce-related code, functions/exports	verify persistence/auth and separate preview state from published offers
sculptura.dev	src/components/market/settings/SettingsCommissions.jsx	794	e60a9198ceab9e55a257bc614ae05542498cd0ee8f944cf5aa4eb2d521cc6cbe	rebuild	commission surface	commerce-related code, functions/exports	keep muted until authenticated request, terms, payment protection and disputes work
sculptura.dev	src/components/market/settings/SettingsMaterials.jsx	3988	0e1fdebd6902262c1851a3099d79ce7571c9e338a5f4bf192927c62eeda0f336	partial	creator storefront/account ui	form/ui, functions/exports	verify persistence/auth and separate preview state from published offers
sculptura.dev	src/components/market/settings/SettingsPayout.jsx	4560	0a2c28d3b6f1370eea6ee33fa479ec3ce61998723deb5fdd780e9b5d1802b0f3	shell	creator money/analytics ui	form/ui, commerce-related code, functions/exports	back with operational ledger and reported events
sculptura.dev	src/components/market/settings/SettingsPricing.jsx	7249	4317ddb2cfc604d91088adeb342c38ef37713a12f1aa7270bfb4fa7bd5d224b1	partial	creator storefront/account ui	form/ui, commerce-related code, functions/exports	verify persistence/auth and separate preview state from published offers
sculptura.dev	src/components/market/settings/SettingsProfile.jsx	3229	47763badf62184bd646566177b7897a0febd2df8ef33b1668f974564de1cc70a	partial	creator storefront/account ui	form/ui, functions/exports	verify persistence/auth and separate preview state from published offers
sculptura.dev	src/components/seo/SeoTags.jsx	1721	a5206c2353d3fbee979aaed76808fa4bd0c895e8869c9caed377d8c94bc504a1	shell	shared visual component	functions/exports	keep only after domain data and behavior are checked
sculptura.dev	src/components/shop/ShopCollections.jsx	1227	820d007d62408b060793f405caded7e670373cff3205b51e6e851776a704f61b	partial	buyer/listing/storefront ui	functions/exports	tie to release-backed listings and authenticated or guest access as appropriate
sculptura.dev	src/components/shop/ShopNewsletter.jsx	3509	6dd411ca829fbb2fbed0bd0eee2a15c650fc485b5feb4ac66588b9adf06dc049	partial	buyer/listing/storefront ui	browser storage, supabase access, form/ui, functions/exports	tie to release-backed listings and authenticated or guest access as appropriate
sculptura.dev	src/components/shop/ShopPromoCodes.jsx	1749	fccbfc0ee56ef5ee1e68e11a882610572f5864120cb4f78d6004b268da789408	partial	buyer/listing/storefront ui	commerce-related code, functions/exports	tie to release-backed listings and authenticated or guest access as appropriate
sculptura.dev	src/components/ui/accordion.jsx	1615	b47533b3783b8149550b8481e4ae93d54bdcbc51d434793c176b0aec5558ee1c	exists	shared interface helper	source/configuration inspected	retain after accessibility and dependency review
sculptura.dev	src/components/ui/alert-dialog.jsx	3461	a20098cdc2eb2b5915575d3f0fb7a3e8e6c1035c7eef77144f3fc389e0fdbda0	exists	shared interface helper	functions/exports	retain after accessibility and dependency review
sculptura.dev	src/components/ui/alert.jsx	1335	c5baf27fb6a4bf130236fa0f336c21084fee192e8215bb6b20c87436c27f3b38	exists	shared interface helper	source/configuration inspected	retain after accessibility and dependency review
sculptura.dev	src/components/ui/aspect-ratio.jsx	140	08b0aa0b05efc573c7d63363c03e83d4b101bfeb54140764e96ddea30659cfcc	exists	shared interface helper	source/configuration inspected	retain after accessibility and dependency review
sculptura.dev	src/components/ui/avatar.jsx	1043	703fb6852952bd039b68dc494c004eee1d835fa12647b851722ab9b6b3058b32	exists	shared interface helper	source/configuration inspected	retain after accessibility and dependency review
sculptura.dev	src/components/ui/badge.jsx	990	380dcda78ff8fdd80c82b89cb7dd38ffd84c355735fc8f16300ff647e15988aa	exists	shared interface helper	functions/exports	retain after accessibility and dependency review
sculptura.dev	src/components/ui/breadcrumb.jsx	2271	4c0972765dc0212c5101446cb931db44b7db68a21ef9d7bc8a75c46f9bb96e42	exists	shared interface helper	functions/exports	retain after accessibility and dependency review
sculptura.dev	src/components/ui/button.jsx	1679	6c28699c64ff8c36ec5a2baf835d6bfa141cedeaf472b97d64671dac6cf7cbf8	exists	shared interface helper	source/configuration inspected	retain after accessibility and dependency review
sculptura.dev	src/components/ui/calendar.jsx	2851	06e0c81497bda70ac24855b54fddd385557cbc3be8d8066a345bedbec551b3ee	exists	shared interface helper	functions/exports	retain after accessibility and dependency review
sculptura.dev	src/components/ui/card.jsx	1440	8ab6f42e722e9c51752ce2f14aabb2696bddc0b6818041fb8f313f670955c2c4	exists	shared interface helper	source/configuration inspected	retain after accessibility and dependency review
sculptura.dev	src/components/ui/carousel.jsx	4821	55eb9456609f96f5c28c1fa35fe79554fc0ffab12883e3aceb041ff10e347e83	exists	shared interface helper	functions/exports	retain after accessibility and dependency review
sculptura.dev	src/components/ui/chart.jsx	8639	c4684b470cae53b857a08e5fe006d4406450a442a103858beb179ec810aba2b3	exists	shared interface helper	functions/exports	retain after accessibility and dependency review
sculptura.dev	src/components/ui/checkbox.jsx	880	b0260cb7767493d8273f5def1b7d32e844d068db5f5760258d333ae6ad88f0d8	exists	shared interface helper	source/configuration inspected	retain after accessibility and dependency review
sculptura.dev	src/components/ui/collapsible.jsx	329	f4cdd104de29928bfcd40b865c7d08eed9157a537fbb8b5e6d0921f02b63cc04	exists	shared interface helper	source/configuration inspected	retain after accessibility and dependency review
sculptura.dev	src/components/ui/command.jsx	3897	e7cea37aff49e211ffea1bf3ed67add6ce1ab29862e902aff739fcd11014f06f	exists	shared interface helper	functions/exports	retain after accessibility and dependency review
sculptura.dev	src/components/ui/context-menu.jsx	5995	5fe320cad9ee1833e9528f86e340f83f419f77790549f4cff083fad329e8dc4c	exists	shared interface helper	functions/exports	retain after accessibility and dependency review
sculptura.dev	src/components/ui/dialog.jsx	3228	50a7cc4ae5ce0f2527662ed9742d35b8c4933d1629a2740b26890793aee00742	exists	shared interface helper	functions/exports	retain after accessibility and dependency review
sculptura.dev	src/components/ui/drawer.jsx	2359	3d2dce97d3f6bc5dfa887e87c6688228298526bfdc29a28f2edbd6c1dc2eb47a	exists	shared interface helper	functions/exports	retain after accessibility and dependency review
sculptura.dev	src/components/ui/dropdown-menu.jsx	6157	d36cd67e71781bbb03059b057b6f686445477a4275120359178729574398c465	exists	shared interface helper	functions/exports	retain after accessibility and dependency review
sculptura.dev	src/components/ui/form.jsx	3141	d899b071230c321acdb2996cbe02d84a46dd9825f81af1015f7e54c6b9ee211c	exists	shared interface helper	form/ui, functions/exports	retain after accessibility and dependency review
sculptura.dev	src/components/ui/hover-card.jsx	1070	3b49e533ad60995767a3419351642037438e8f27b62132115fc71115cf1fd0ad	exists	shared interface helper	source/configuration inspected	retain after accessibility and dependency review
sculptura.dev	src/components/ui/input-otp.jsx	1811	78a437a82203c1d9d22d47db830bdc67d49d6473c5c28ad77634eeb8c399a649	exists	shared interface helper	source/configuration inspected	retain after accessibility and dependency review
sculptura.dev	src/components/ui/input.jsx	690	4455aea152904f128df0ecd82047bbceb23e06ffcc9ccc7cbb3bcc87df5bcc4f	exists	shared interface helper	form/ui	retain after accessibility and dependency review
sculptura.dev	src/components/ui/label.jsx	525	37c6425d2a5c798ade4e60f89f86054d703433a8977e12d796de2b5bb4e3d0b7	exists	shared interface helper	source/configuration inspected	retain after accessibility and dependency review
sculptura.dev	src/components/ui/menubar.jsx	6790	5411f1b8221d9a34fc9b58f830642cfa3a33c776d0072014690e2f024515391d	exists	shared interface helper	functions/exports	retain after accessibility and dependency review
sculptura.dev	src/components/ui/navigation-menu.jsx	4217	a1f789747cb750329a33ee04c54209b044239a15ba200fb9d7da1f2ce6b73403	exists	shared interface helper	source/configuration inspected	retain after accessibility and dependency review
sculptura.dev	src/components/ui/pagination.jsx	2322	1d519fc3ba1c8c6cf7f2d30c98739ecba2fa7af35cbc024d6793785e7a6d65c8	exists	shared interface helper	functions/exports	retain after accessibility and dependency review
sculptura.dev	src/components/ui/popover.jsx	1166	199cc7b3d810013867ae91305f0966b8a66526a1c13d10248c38ee1797d169db	exists	shared interface helper	source/configuration inspected	retain after accessibility and dependency review
sculptura.dev	src/components/ui/progress.jsx	667	1ad2808d51c365f04f23a4e985b03274dcc30735d74db68e1f78332a6533859c	exists	shared interface helper	source/configuration inspected	retain after accessibility and dependency review
sculptura.dev	src/components/ui/radio-group.jsx	1135	10ced1e6932e4fe53d6c18201f50b8bb4b334b4372f01ce5f0993aa2a6bb9110	exists	shared interface helper	source/configuration inspected	retain after accessibility and dependency review
sculptura.dev	src/components/ui/resizable.jsx	1570	4e74fb31b8321012570554dc8c55a58aacf1adcced2fdc43085c67ff96ce9773	exists	shared interface helper	functions/exports	retain after accessibility and dependency review
sculptura.dev	src/components/ui/scroll-area.jsx	1362	3de4bed34be51a940243b0fbf8c6d9324ecb416a91a919d65ca18d15a7ba32a1	exists	shared interface helper	source/configuration inspected	retain after accessibility and dependency review
sculptura.dev	src/components/ui/select.jsx	4677	15c7a0e4c45b655ffa8d3f3be8bdaab727a19fd6baa95b34056bf02c7254243e	exists	shared interface helper	source/configuration inspected	retain after accessibility and dependency review
sculptura.dev	src/components/ui/separator.jsx	600	2c82247abd573d0f4a93eb259166e3b778365b58c0d18921b4739d5ba4b29e7e	exists	shared interface helper	source/configuration inspected	retain after accessibility and dependency review
sculptura.dev	src/components/ui/sheet.jsx	3549	33f27d1b55925dbc354d0a61b0cbc6f977352da13f4df519f06e5b5bd9ed2d5c	exists	shared interface helper	functions/exports	retain after accessibility and dependency review
sculptura.dev	src/components/ui/sidebar.jsx	20643	828bec5ac1ec715fe50deebae08a7da23f01e9b0dcb221b110e37de63eb22d3c	exists	shared interface helper	form/ui, functions/exports	retain after accessibility and dependency review
sculptura.dev	src/components/ui/skeleton.jsx	227	c5f32316d9f8feeba529bac6321766424067185afee5f29a15bb18145adaf1bc	exists	shared interface helper	functions/exports	retain after accessibility and dependency review
sculptura.dev	src/components/ui/slider.jsx	914	1761bfaa0a06480b76b31511e4a5c24903b407732e027fc11ad615dd3d93a562	exists	shared interface helper	source/configuration inspected	retain after accessibility and dependency review
sculptura.dev	src/components/ui/sonner.jsx	799	f1309f953467d583202225d08414161fc3183758ac38c997249eb63686a27ba8	exists	shared interface helper	functions/exports	retain after accessibility and dependency review
sculptura.dev	src/components/ui/switch.jsx	1025	880e95637cc1d90ef4476f79114afd2fa7b5f6e5da1f49a70e0efc1f84aa0c8a	exists	shared interface helper	source/configuration inspected	retain after accessibility and dependency review
sculptura.dev	src/components/ui/table.jsx	2231	301509bb8337184f1b299cb15b8d4f8ec8f0d3bbc17a2ffdf33ff58f7eaa444e	exists	shared interface helper	source/configuration inspected	retain after accessibility and dependency review
sculptura.dev	src/components/ui/tabs.jsx	1529	57591bdfb3fa931b06edcf4168b6881a79785c674ad0618003d12cd656072350	exists	shared interface helper	source/configuration inspected	retain after accessibility and dependency review
sculptura.dev	src/components/ui/textarea.jsx	587	b64a8fabf495dd59dbfd23914334ffbdfa695f506a133370603a49eca1243f62	exists	shared interface helper	source/configuration inspected	retain after accessibility and dependency review
sculptura.dev	src/components/ui/toast.jsx	3804	8a98ef70908fd33627d09f6a5c715417b243502836539acda857843dd4817070	exists	shared interface helper	source/configuration inspected	retain after accessibility and dependency review
sculptura.dev	src/components/ui/toaster.jsx	785	fc1bce32d9a45f5be28c67b486962b90eed76742f3c0995f5fb908ffc6bde3cd	exists	shared interface helper	functions/exports	retain after accessibility and dependency review
sculptura.dev	src/components/ui/toggle-group.jsx	1284	1c7566b9f2aa00f0afdf161527be90588a11386158dca55425ea0d8c0e3883e4	exists	shared interface helper	source/configuration inspected	retain after accessibility and dependency review
sculptura.dev	src/components/ui/toggle.jsx	1310	e8fe6de52ef73d6fa868229ae7a21e681fb3088975847d6ee65a8387731c1c79	exists	shared interface helper	source/configuration inspected	retain after accessibility and dependency review
sculptura.dev	src/components/ui/tooltip.jsx	1091	73e47a5dde6c55aca2e32e429ba95d8746ce2cca02cc718613f337b5bc9f5f19	exists	shared interface helper	source/configuration inspected	retain after accessibility and dependency review
sculptura.dev	src/components/ui/use-toast.jsx	3379	40f2839736597a3f7d54e4359a375c5991ce58eb341d8abb944874ac0dce9bbc	exists	shared interface helper	functions/exports	retain after accessibility and dependency review
sculptura.dev	src/components/viewer/ModelViewer.jsx	7571	593f9d50d3699f47797a1af8d9f9c9393852178c1f23923fba2c52ffba53352c	exists	shared layout or model viewer	geometry/rendering, functions/exports	retain only after checking release/provenance and accessibility
sculptura.dev	src/features/studiogram/StudiogramGuide.jsx	4732	1cbc45120fc4a7ccb6165bc81def17ddc1defa44f83e859bdd5667b6f8dbc611	shell	shared visual component	functions/exports	keep only after domain data and behavior are checked
sculptura.dev	src/features/studiogram/studiogramContent.js	11627	08a2cbca8805dc15bfaf35a7ed5eb4149399ba603d2fc3d2ebc6909dcfd64bf4	exists	build/configuration/source asset	geometry/rendering, functions/exports	retain with dependency and security review
sculptura.dev	src/hooks/use-mobile.jsx	545	a136217739e79f9d02440e711b9bd1abb6adf60f1a83b45a39a009a09568ad1c	exists	shared interface helper	functions/exports	retain after accessibility and dependency review
sculptura.dev	src/index.css	5033	d359540f9ade9e7b6813513892ddd2a067052013553b161c687c7a3859ecbab2	exists	build/configuration/source asset	source/configuration inspected	retain with dependency and security review
sculptura.dev	src/integrations/supabase/client.ts	562	0c4c93b9ddee083aa578094ea3ecaa81e4dc2fbc2fbd5c75fc4985c6220f0bc2	partial	application integration/helper	supabase access, functions/exports	verify permissions and align with operational backend contracts
sculptura.dev	src/integrations/supabase/previewAuthStorage.ts	4336	634c0f279327b7c79f6e38b54b7ab4ae3737f0d6c3a660d8ac02a9659be48a0f	partial	application integration/helper	browser storage, functions/exports	verify permissions and align with operational backend contracts
sculptura.dev	src/integrations/supabase/types.ts	30617	4f9f4af047f43d052dd68af7342e23df7fa307a11f912062d1bd54fe5fc6df85	partial	application integration/helper	supabase access, commerce-related code, functions/exports	verify permissions and align with operational backend contracts
sculptura.dev	src/lib/AuthContext.jsx	2738	e722ddddf15464efafff399f64369c63fa074daecfcddaaf5cf887153a39c4cf	partial	client authentication/session helper	supabase access, legacy base44 access, route/navigation, functions/exports	verify server-enforced role and cross-tenant access
sculptura.dev	src/lib/CurrencyContext.jsx	1372	bef1fdc2163e03357b7c26669a62ccda2110faaa5d3fbdf121876f024c6fe51f	partial	client-side shopping helper	browser storage, functions/exports	keep as preview; make server quote and totals authoritative
sculptura.dev	src/lib/PageNotFound.jsx	1883	a72a01d543ff4711c2ff333a5eb37c6aaa61387f7cc3c0b6e110b63257b1f520	partial	application integration/helper	route/navigation, functions/exports	verify permissions and align with operational backend contracts
sculptura.dev	src/lib/cartStore.js	2569	3d5ad1bcaef2a31364824cdb2ebc20054f0bb2cf27035228ff9718bce5d8b15e	partial	client-side shopping helper	browser storage, functions/exports	keep as preview; make server quote and totals authoritative
sculptura.dev	src/lib/crypto.js	994	4cf08b51c7dff3aab4bbd8e6dcafae2b5eaa9f4e74cb403c4d995c6268e3730f	partial	application integration/helper	supabase access, functions/exports	verify permissions and align with operational backend contracts
sculptura.dev	src/lib/currency.js	2489	b0c42ba2e9d822b07c55166962f94cdf9b861fa1a1dd7b5f5eaad72488b36685	partial	client-side shopping helper	browser storage, commerce-related code, functions/exports	keep as preview; make server quote and totals authoritative
sculptura.dev	src/lib/db.js	7438	56c460f448261a2ad6a55ed97a66073091749dabe4e7b23e31663334a9d313a8	partial	application integration/helper	browser storage, supabase access, legacy base44 access, api call, route/navigation	verify permissions and align with operational backend contracts
sculptura.dev	src/lib/demoData.js	6822	68bed1991506b2661e7a469ff8e664a92134756d381349bfe6e57d7980368d28	partial	application integration/helper	commerce-related code, functions/exports	verify permissions and align with operational backend contracts
sculptura.dev	src/lib/demoSandbox.js	4075	cc134ad75fa2ea027722887d23f68cc76dd783e3d19b443cc2a5e9fb073e3f6e	partial	application integration/helper	browser storage, commerce-related code, functions/exports	verify permissions and align with operational backend contracts
sculptura.dev	src/lib/followStore.js	6200	41bb0cece799cbc913b0b4baf6b2f2b2d66021b68df23ab211d2e3b892049162	partial	application integration/helper	browser storage, supabase access, functions/exports	verify permissions and align with operational backend contracts
sculptura.dev	src/lib/pricing.js	983	a6ae351b82f697abcf4cf143823d3b11d2db79bfb9140a1fa4d7a2b849ad952b	partial	client-side shopping helper	commerce-related code, functions/exports	keep as preview; make server quote and totals authoritative
sculptura.dev	src/lib/query-client.js	196	bc6235179d062286fdbcde74c5e5ecbf79dda6b2707cfdf31ff551283b47f5de	partial	application integration/helper	functions/exports	verify permissions and align with operational backend contracts
sculptura.dev	src/lib/sizing.js	1060	b09bf0dc7ae2b7e1dc83c62a4f98c7631ffca2237d6f9903d4af65785a997ae6	partial	application integration/helper	functions/exports	verify permissions and align with operational backend contracts
sculptura.dev	src/lib/slug.js	893	b685fbe75d545f97f34142cbea3814c3073891a76c4e26c8e27419cca54516db	partial	application integration/helper	functions/exports	verify permissions and align with operational backend contracts
sculptura.dev	src/lib/utils.js	189	d46e990b496ff45ece23951b4e64fdb76f0674222a5e25decde976f0dd04aa9d	partial	application integration/helper	functions/exports	verify permissions and align with operational backend contracts
sculptura.dev	src/lib/wishlistStore.js	1406	88f05fb876220074e12a733e71846a0854f3b2d5ed2bfa04d30c67ad29279da0	partial	application integration/helper	browser storage, commerce-related code, functions/exports	verify permissions and align with operational backend contracts
sculptura.dev	src/main.tsx	329	0db8117c1b582485f8b9426185e1175e3dd9380123ed0d7b58045f69f6a0fe46	exists	application bootstrap	source/configuration inspected	retain, then verify provider wiring and startup
sculptura.dev	src/pages/About.jsx	8765	46c4a5b09af0dbe7efd99b6fac0dd24a8f089abfbc1115393461ad5b5de72194	shell	static or demo page	commerce-related code, functions/exports	retain only where consistent with actual capabilities
sculptura.dev	src/pages/AdminReview.jsx	15129	799add9e30afb574c05139d251141ca05bbea884c8ca2d06e2475c30819fadc6	partial	buyer/listing/storefront ui	form/ui, commerce-related code, functions/exports	tie to release-backed listings and authenticated or guest access as appropriate
sculptura.dev	src/pages/ArtifactDetail.jsx	14262	639fe4c481d5b7e16c3dc21a1c39806aa603e439b6cd3ef56dc9cecaf343039a	partial	buyer/listing/storefront ui	route/navigation, commerce-related code, functions/exports	tie to release-backed listings and authenticated or guest access as appropriate
sculptura.dev	src/pages/Auth.jsx	8985	58fddbbfbaf2105d89b2803f4f7564915a6c87ef7c41fcab7046ec5f55d3c15c	partial	buyer/listing/storefront ui	browser storage, supabase access, form/ui, route/navigation, geometry/rendering	tie to release-backed listings and authenticated or guest access as appropriate
sculptura.dev	src/pages/BuyerDashboard.jsx	10594	25689aee454912315886659a72db446bd5027528723ad473ee39f4dea9bbe479	partial	buyer/listing/storefront ui	browser storage, supabase access, functions/exports	tie to release-backed listings and authenticated or guest access as appropriate
sculptura.dev	src/pages/Checkout.jsx	21260	3151fda93596ed32e6fc5ba0757dbf623d11a515aba9376bab9c728face9a0f4	rebuild	checkout/order control	supabase access, api call, form/ui, route/navigation, commerce-related code	add release-bound trusted quote, mock payment state, idempotency and reconciliation
sculptura.dev	src/pages/CollectionPage.jsx	4189	443352712da228aa4541ab924e356209612868c2c8a6f85dcfdd812075753212	partial	buyer/listing/storefront ui	functions/exports	tie to release-backed listings and authenticated or guest access as appropriate
sculptura.dev	src/pages/CommissionPage.jsx	6650	38921484392f882af827ab94899853568c2fd1cd0dc371b2860837ac8f0ca884	rebuild	commission surface	browser storage, commerce-related code, functions/exports	keep muted until authenticated request, terms, payment protection and disputes work
sculptura.dev	src/pages/Compare.jsx	11012	9ea833c24cd9a7146569b7ff2966b4082580b3be12939c0ecb1eef303c417c34	shell	static or demo page	commerce-related code, functions/exports	retain only where consistent with actual capabilities
sculptura.dev	src/pages/CreatorDocs.jsx	14470	fd9decc4e632f112dc3dae8877ed431dc1a8b9d751b0b0eccea0751db6c507be	partial	buyer/listing/storefront ui	supabase access, form/ui, commerce-related code, functions/exports	tie to release-backed listings and authenticated or guest access as appropriate
sculptura.dev	src/pages/CreatorProfile.jsx	3666	1f2ee93734690669c9287b347bc856f09999367a598c98092bc70aee20833789	partial	buyer/listing/storefront ui	route/navigation, commerce-related code, functions/exports	tie to release-backed listings and authenticated or guest access as appropriate
sculptura.dev	src/pages/Dashboard.jsx	3389	b8230ee6a443b97a4b98d27b63cb53fd3c32476bfc748de2e90c36194f7d6e12	partial	buyer/listing/storefront ui	route/navigation, functions/exports	tie to release-backed listings and authenticated or guest access as appropriate
sculptura.dev	src/pages/DemoApp.jsx	583	7ea304fcd1359837ac60acf5eaa912e806c4e3c9ec8fc14b85d27a397d13626a	shell	static or demo page	commerce-related code, functions/exports	retain only where consistent with actual capabilities
sculptura.dev	src/pages/DemoBuyer.jsx	2129	e2c769839de73b89db38d4195cfcfac4bab4529c0a837483c6f2d61cd7b0296d	shell	static or demo page	functions/exports	retain only where consistent with actual capabilities
sculptura.dev	src/pages/Explore.jsx	10602	556ff9c0932b44aefe8b53c27d3608d271e85f182f302702028d33a6e5473724	partial	buyer/listing/storefront ui	form/ui, route/navigation, functions/exports	tie to release-backed listings and authenticated or guest access as appropriate
sculptura.dev	src/pages/FAQ.jsx	13760	3460fd03565393b137689d322d4557fc1a8742c09964d8b7e6ab60e858d3101b	shell	static or demo page	commerce-related code, functions/exports	retain only where consistent with actual capabilities
sculptura.dev	src/pages/Home.jsx	566	d173d469cbc9ca4b53bd9b04519a1095c48862151b16b2bace2a132f44667a07	partial	buyer/listing/storefront ui	functions/exports	tie to release-backed listings and authenticated or guest access as appropriate
sculptura.dev	src/pages/Onboarding.jsx	374	4d66ac91a67ea73297148c2485aee862f846a387c536c179b7fdd6e5f7651462	partial	buyer/listing/storefront ui	route/navigation, functions/exports	tie to release-backed listings and authenticated or guest access as appropriate
sculptura.dev	src/pages/ProductStudio.jsx	10529	e77412d8de369d711846342c135d2924a6960ac9683c6cab4b1ecbaf24942a9b	move	studio behavior in offering app	functions/exports	keep creator geometry generation in studio; consume releases only in platform
sculptura.dev	src/pages/PublishArtifact.jsx	45479	9b4efcea2ce539139c918d0b1ba7e45e0db239c99a1b3c1def7f1c7a69c13a20	rebuild	platform publishing	browser storage, supabase access, api call, form/ui, route/navigation	require a server-validated immutable studio design release
sculptura.dev	src/pages/Roadmap.jsx	8290	e62cd7fc3165c9fc55dfdc5db92468daac4d067bad25c8b2331ae159cc29d3a1	shell	static or demo page	commerce-related code, functions/exports	retain only where consistent with actual capabilities
sculptura.dev	src/pages/SharedList.jsx	3825	82a1606183d825cc7056cd3fcb809be0239492cd86a87fbd55689eee06c6246d	partial	buyer/listing/storefront ui	supabase access, functions/exports	tie to release-backed listings and authenticated or guest access as appropriate
sculptura.dev	src/pages/ShopArtifactBySlug.jsx	2392	661b9d6381600090b7e07703956e4024ca2adf935351a4fa251ed6de5e1e61ab	partial	buyer/listing/storefront ui	route/navigation, functions/exports	tie to release-backed listings and authenticated or guest access as appropriate
sculptura.dev	src/pages/ShopProfile.jsx	12152	09e9ff715ec69309057bb93b4b781db1963bd5d230ac19232b5e5cc6b9504fa1	partial	buyer/listing/storefront ui	form/ui, commerce-related code, functions/exports	tie to release-backed listings and authenticated or guest access as appropriate
sculptura.dev	src/pages/SizeGuide.jsx	10901	0504f0c5b191155e6785b509e54c90a94ef027a35b4a187ea36867eeaa524ecf	partial	buyer/listing/storefront ui	commerce-related code, functions/exports	tie to release-backed listings and authenticated or guest access as appropriate
sculptura.dev	src/pages/Studiogram.jsx	6563	fd11d3e70869361344df949d70a127c08b4f9a72929a70da2dedc76cb475a808	partial	buyer/listing/storefront ui	functions/exports	tie to release-backed listings and authenticated or guest access as appropriate
sculptura.dev	src/pages/admin/AdminDocs.jsx	4869	54d8b0ef941a03a80ca4ba149df3ae7e79f47ebe97bdc647644e9fccb213943d	shell	admin operations interface	geometry/rendering, commerce-related code, functions/exports	connect protected domain APIs and real partner/route controls
sculptura.dev	src/pages/admin/AdminIdea.jsx	12513	73d57573abd02fd601fd249441fa9df85b81c87139a175a556113f3ced18cdac	shell	admin operations interface	supabase access, form/ui, functions/exports	connect protected domain APIs and real partner/route controls
sculptura.dev	src/pages/admin/AdminManufacturers.jsx	10236	a06ca388873db3e27884e9b1a5f954deb925b77f5f9b5b6b7841efbfc4c021ff	shell	admin operations interface	supabase access, form/ui, functions/exports	connect protected domain APIs and real partner/route controls
sculptura.dev	src/pages/admin/AdminOverview.jsx	5016	33caf539d7325e69e27024b8f09c3cf3d16cbafc52b3fad9edf621f06245b939	shell	admin operations interface	supabase access, commerce-related code, functions/exports	connect protected domain APIs and real partner/route controls
sculptura.dev	src/pages/admin/AdminRouting.jsx	6616	e0e3a5b0854e2e14e47a25cd23a9b30e9156d50a1c51f7feda3855e8bc509fb3	shell	admin operations interface	supabase access, form/ui, commerce-related code, functions/exports	connect protected domain APIs and real partner/route controls
sculptura.dev	src/pages/admin/AdminSettings.jsx	3112	3fb8e75e2132066148b1b634f9c2ed400eba5f35090396a674381bb6c94f85cf	shell	admin operations interface	supabase access, form/ui, commerce-related code, functions/exports	connect protected domain APIs and real partner/route controls
sculptura.dev	src/pages/market/AccessAccount.jsx	3554	ae1e2c53d433f9ddbe97b9b22009ece776f470c835079f7076d75f34e0ee7ef4	partial	creator storefront/account ui	form/ui, route/navigation, functions/exports	verify persistence/auth and separate preview state from published offers
sculptura.dev	src/pages/market/CreateAccount.jsx	10796	e89d4b94d557977f20360a28258459a7c73356b216a8915593710c837ac017e2	partial	creator storefront/account ui	form/ui, route/navigation, functions/exports	verify persistence/auth and separate preview state from published offers
sculptura.dev	src/pages/market/MarketDashboard.jsx	4342	dbb11323646813bfe6ab0e8a01c4318f210de9ca5d313cd8ca7a1f1356ead901	partial	creator storefront/account ui	browser storage, route/navigation, commerce-related code, functions/exports	verify persistence/auth and separate preview state from published offers
sculptura.dev	src/pages/market/MyStore.jsx	6030	073b0c6a9f952179cf51830c902bb3f855131f97848bc2880c940f58e8c66003	partial	creator storefront/account ui	route/navigation, functions/exports	verify persistence/auth and separate preview state from published offers
sculptura.dev	src/pages/market/StoreSettings.jsx	4441	ee971f4e3bd6a9faed3c01c134733444892f3d61fd171eb6a40110f962fa966e	partial	creator storefront/account ui	route/navigation, commerce-related code, functions/exports	verify persistence/auth and separate preview state from published offers
sculptura.dev	src/utils/index.ts	97	1bd31d3e8630b19dcb1d92878a2501d5e29fc935eab48ec5d90e66c410cf7e1a	exists	build/configuration/source asset	functions/exports	retain with dependency and security review
sculptura.dev	src/vite-env.d.ts	38	65996936fbb042915f7b74a200fcdde7e410f32a669b1ab9597cfaa4b0faddb5	exists	build/configuration/source asset	source/configuration inspected	retain with dependency and security review
sculptura.dev	supabase/config.toml	174	0f14de81d3620417f0a904bba1d5017e09e7d5057f25029785b397ff0e3924d4	exists	build/configuration/source asset	source/configuration inspected	retain with dependency and security review
sculptura.dev	supabase/functions/place-order/index.ts	6284	482f61d9985c4260ca0787ffabf4d591dd650e66bbef8b8e1a6bc063f261f78c	rebuild	server order or publishing function	supabase access, commerce-related code, functions/exports	replace trust gaps with release-bound quote/payment or server validation gates
sculptura.dev	supabase/functions/publish-artifact/index.ts	3100	dedcca9c7142e8bdc34b20c3ecfd4b7677d23b3fd2079a94831263077d7ea76a	rebuild	server order or publishing function	supabase access, commerce-related code, functions/exports	replace trust gaps with release-bound quote/payment or server validation gates
sculptura.dev	supabase/functions/store-update/index.ts	4603	8cbc6a8e6c2d5b0fcb9dc627f8f426032607209d0501a2ccfe2dd7a706191319	partial	server function	supabase access, commerce-related code, functions/exports	review auth, ownership, field allowlist, and failure handling
sculptura.dev	supabase/migrations/20260429121931_9c9604ec-b6a3-42b5-9f02-c438b5ab8101.sql	13483	5e5f612225e758b06e05d8237722db70af6671662ad19f51a45e8dec6a092275	rebuild	database schema and row policies	database migration, commerce-related code, functions/exports	repair broad policies, retain history and add restrictive cumulative migrations
sculptura.dev	supabase/migrations/20260429122004_f718597b-59ba-4308-923e-fd9aec0b81d3.sql	1608	eafe2e1703da1a96b0e732a6330ff54681a159cbac5f4a5dbcaeeadda9a8e5cc	partial	database schema or policy change	database migration, functions/exports	verify cumulative policy, role, and private-data access against current database
sculptura.dev	supabase/migrations/20260429122035_5bcf1110-f37c-4ac9-88ec-dd77a38e15cb.sql	1813	d31c7f3bf7b4af6da4b3ba25080b898fbf26c2c585101fc91f16ebf5435ac9a9	partial	database schema or policy change	database migration, functions/exports	verify cumulative policy, role, and private-data access against current database
sculptura.dev	supabase/migrations/20260502195128_c448ec38-5bd9-4fef-a633-0082e51cfec7.sql	2932	a9a7f9635bce205f7afe04f6f20a16dd1d6aab513fa17bbc6f9a5ce56d83d316	partial	database schema or policy change	database migration, functions/exports	verify cumulative policy, role, and private-data access against current database
sculptura.dev	supabase/migrations/20260502200217_38ecd397-62c4-47c7-a19e-4917a8d5d17e.sql	2709	aad88e8ba67a03c7556fc174b164afcec50351e6d4d5de01800e717096b8f094	rebuild	database schema and row policies	database migration, commerce-related code, functions/exports	repair broad policies, retain history and add restrictive cumulative migrations
sculptura.dev	supabase/migrations/20260503125015_541284ac-cbd2-43eb-bd92-efe6d386c144.sql	83	06facc0791aa698b77e901d2a432455989cfb503160078a31a542c28dbae3b41	partial	database schema or policy change	commerce-related code	verify cumulative policy, role, and private-data access against current database
sculptura.dev	supabase/migrations/20260503130507_352d9fe0-7d51-4a9f-893d-0d6939d02417.sql	182	f11b591d25d015654449c806686e9528ba3445a3c4b5f5c9dc740cc4bdf4cfdd	partial	database schema or policy change	functions/exports	verify cumulative policy, role, and private-data access against current database
sculptura.dev	supabase/migrations/20260504202012_4b47f7e1-7216-4f9b-904f-494900b11321.sql	592	b8778e6ecc07ff136aafcae89d358f6be7573c02ccd3e9260ad950c9d5996d98	partial	database schema or policy change	source/configuration inspected	verify cumulative policy, role, and private-data access against current database
sculptura.dev	supabase/migrations/20260504212857_43abbc24-c9d3-4769-b406-847f89ab210a.sql	1411	a37f4657142b4389596c7680132337df019a7a58f3606ba574cc18e9e5f3e11b	partial	database schema or policy change	database migration, commerce-related code, functions/exports	verify cumulative policy, role, and private-data access against current database
sculptura.dev	supabase/migrations/20260505064442_b304de80-4f93-4c0b-8944-8e19c269f04b.sql	165	e134491d3e77b493ccc5fb2dc4baf8f724da6e47d88e6324a81e9ae5ed4bb3ea	partial	database schema or policy change	source/configuration inspected	verify cumulative policy, role, and private-data access against current database
sculptura.dev	supabase/migrations/20260505235720_f99baeeb-dad2-49cf-bf0f-2a8b496c9e06.sql	146	a9484cd982341207a26eacde86b14d47d1fe61b14e28320c94484b3dc6a1b2ea	partial	database schema or policy change	source/configuration inspected	verify cumulative policy, role, and private-data access against current database
sculptura.dev	supabase/migrations/20260507203814_a97e9138-63d7-456b-865d-fb23e0cd1f9d.sql	2878	707e26cbcc7bb6763c19f2d764870c7c0bc5ea51e78c01471a42e6dd39bf5fc6	partial	database schema or policy change	database migration, functions/exports	verify cumulative policy, role, and private-data access against current database
sculptura.dev	supabase/migrations/20260508223346_8a3e80b6-f227-4551-915f-5bd9c6bd63b7.sql	315	a092a65f3aa1d0146f40cb02db17dfd483eb2d197d448240a08b119e8a825b2d	partial	database schema or policy change	source/configuration inspected	verify cumulative policy, role, and private-data access against current database
sculptura.dev	supabase/migrations/20260510225657_c756adde-18f0-4515-b5e1-2cbb60b51349.sql	916	1366446035cf5c18fd9a0b93f8877e5d0a717d4d6bd88faf3a2598ffddf2b168	partial	database schema or policy change	database migration	verify cumulative policy, role, and private-data access against current database
sculptura.dev	supabase/migrations/20260511214818_436a49d3-d410-4bab-a5ac-e13598c8ac4c.sql	1972	d97961f167446b98dc7160bd533e32e0eb604eff28fa02cbfe485a41bc2f3a78	partial	database schema or policy change	database migration, commerce-related code, functions/exports	verify cumulative policy, role, and private-data access against current database
sculptura.dev	supabase/migrations/20260512235827_aeefe298-c713-460c-b532-c88f90d6ffd3.sql	1205	8a1e50e04874742a0420cb06dd691bc81d995716816216b12e7212d786772b5e	rebuild	database schema and row policies	database migration, functions/exports	repair broad policies, retain history and add restrictive cumulative migrations
sculptura.dev	tailwind.config.js	3983	4b4fd190e494ed56014a63cb720a3878d762e3430b20563e140f593fb914fc25	exists	build/configuration/source asset	source/configuration inspected	retain with dependency and security review
sculptura.dev	techstack.md	1903	f707f2be063a51dacf91ea77eecfd93f9b3154b61afbd855a61a5421abcfcd27	reference	legacy source documentation	supabase access, geometry/rendering	verify against implementation; do not treat as deployed behavior
sculptura.dev	theme.md	7344	5ce4ac5a32db003aac7319adcdea99f0955b657ffc4ea01960c8b4f68f161e7e	reference	legacy source documentation	browser storage, commerce-related code	verify against implementation; do not treat as deployed behavior
sculptura.dev	tsconfig.app.json	701	625c05de48fb65ea04e3889d804ce8750b85da434ef387781621e960e3c0eafd	exists	build/configuration/source asset	source/configuration inspected	retain with dependency and security review
sculptura.dev	tsconfig.json	349	1e988077b62a974474d6029cf8ac0c97521852ce0d8f24a68ee9783d69bcfc0a	exists	build/configuration/source asset	source/configuration inspected	retain with dependency and security review
sculptura.dev	tsconfig.node.json	481	a96b9ba5e40d95b92adf56431fdf9cbe25b5c2557621f0666615bff6889dfc50	exists	build/configuration/source asset	source/configuration inspected	retain with dependency and security review
sculptura.dev	underthehood.md	3819	481d442560b001e1e92c8776636043d3e4d454e5655be28116e958aa55e5171b	reference	legacy source documentation	browser storage, supabase access, legacy base44 access, geometry/rendering, functions/exports	verify against implementation; do not treat as deployed behavior
sculptura.dev	vite.config.ts	625	93c25d9d74402fcf7bb3b3db32ce5314b84ae61fa71ff1d4fac3276615cb0f2c	exists	build/configuration/source asset	functions/exports	retain with dependency and security review
sculptura.dev	vitest.config.ts	395	2c64550d05cdec49d120f28afd53056372945035b13d54cbd16f8027329f2a84	exists	build/configuration/source asset	functions/exports	retain with dependency and security review
